registro_id,nombre_biblioteca,tipo_biblioteca,departamento,provincia,distrito,entidad_responsable,ubicacion_id,hoja_origen,fila_origen
7f310e7909015590798bc0296ef935810875608b1b0ec4dc62b132b8678135e9,BIBLIOTECA INFANTIL DE LA MUNICIPALIDAD DE SAN ISIDRO,BIBLIOTECA PÚBLICA,LIMA,LIMA,SAN ISIDRO,MUNICIPALIDAD DE SAN ISIDRO,324,Exportar Hoja de Trabajo,2
3119d15cefd4fb147fe601b0f29ec7420d2d61438cb83931840bba606a687623,BIBLIOTECA FERNANDO BELAUNDE TERRY,BIBLIOTECAS DE ENSEÑANZA SUPERIOR,LIMA,LIMA,LA MOLINA,UNIVERSIDAD SAN IGNACIO DE LOYOLA S.A,311,Exportar Hoja de Trabajo,3
ab70930eac04ba60294dba842a6cec1ceeb5eccc948e19f164915d869e51a44f,BIBLIOTECA FERNANDO BELAUNDE TERRY LIMA NORTE,BIBLIOTECAS DE ENSEÑANZA SUPERIOR,LIMA,LIMA,INDEPENDENCIA,UNIVERSIDAD SAN IGNACIO DE LOYOLA S.A,309,Exportar Hoja de Trabajo,4
c1b1e4ed1cc2d438a4fb2e8522324d7583426091958462b4565e41aa522b87e5,BIBLIOTECA PROVINCIAL JOSÉ IGNACIO AGUIRREZABAL,BIBLIOTECA PÚBLICA,UCAYALI,CORONEL PORTILLO,CALLERIA,MUNICIPALIDAD PROV.DE CORONEL PORTILLO,465,Exportar Hoja de Trabajo,5
f94d143e03af4c8f2edee4c428670ec6649bf4c8d0a65d5467a2c52fb2b8e944,"BIBLIOTECA ""ANTONIO MARTÍNEZ - ÁNGEL RAMOS PICÓN"" - CERRO DE PASCO",BIBLIOTECA PÚBLICA,PASCO,PASCO,CHAUPIMARCA,MUNICIPALIDAD PROVINCIAL DE PASCO,361,Exportar Hoja de Trabajo,6
2603ddd7bf96c6617c724dc45ba2a259c38563795006c042a835bfe49aa4c73a,BIBLIOTECA PUBLICA MUNICIPAL IGNACIO ESCUDERO DE PIURA,BIBLIOTECA PÚBLICA,PIURA,PIURA,PIURA,MUNICIPALIDAD PROVINCIAL DE PIURA,390,Exportar Hoja de Trabajo,7
1f0d240d97d3a6db2e698b6b5015a56ba675bd19ed33e3f38c67d607e8faeae9,PLAZA BICENTENARIO,BIBLIOTECA PÚBLICA,LIMA,LIMA,LA MOLINA,MUNICIPALIDAD DE LA MOLINA,311,Exportar Hoja de Trabajo,8
5d18b53401a468914f6397bc770e041f4f38929e399248f240599bb076485821,"BIBLIOTECA MUNICIPAL "" ALEJANDRO O. DEUSTUA""",BIBLIOTECA PÚBLICA,JUNÍN,HUANCAYO,HUANCAYO,MUNICIPALIDAD PROVINCIAL DE HUANCAYO,215,Exportar Hoja de Trabajo,9
56917e1cf3b57779af804c9f3c8497484607b17e4564f854f693d694d5094443,RICARDO PALMA,BIBLIOTECA PÚBLICA,TUMBES,TUMBES,TUMBES,MUNICIPALIDAD PROVINCIAL DE TUMBES,460,Exportar Hoja de Trabajo,10
1f0a1a73bcb9558e1b14874ecf18e7bb1476c876da4ba8d80f2019f265bfb683,BIBLIOTECA PÚBLICA MUNICIPAL “LUIS CARRANZA”,BIBLIOTECA PÚBLICA,AYACUCHO,HUAMANGA,AYACUCHO,MUNICIPALIDAD PROVINCIAL DE HUAMANGA,76,Exportar Hoja de Trabajo,11
045ba9e7b9dd234b8c5c9d8953ee87e6467f69eb9cbb9bb7614308209938b8ac,BIBLIOTECA PÚBLICA MUNICIPAL NÉSTOR GASTAÑADUI SÁNCHEZ,BIBLIOTECA PÚBLICA,LA LIBERTAD,SÁNCHEZ CARRIÓN,HUAMACHUCO,MUNICIPALIDAD PROVINCIAL SANCHEZ CARRION,246,Exportar Hoja de Trabajo,12
180c4607682f5d1d40da57b1f656a3b51110bd0d2da3650bf09a4ac37e7b0eb3,BIBLIOTECA MUNICIPAL CÉSAR VALLEJO - CIENEGUILLA,BIBLIOTECA PÚBLICA,LIMA,LIMA,CIENEGUILLA,MUNICIPALIDAD DE CIENEGUILLA,307,Exportar Hoja de Trabajo,13
6dcca4a53701f362b589b1d3d3edaa2099b981d879d0dc9db264b7b0e73ba622,SAN FRANCISCO DE ASIS,BIBLIOTECA PÚBLICA,PIURA,PAITA,LA HUACA,MUNICIPALIDAD DISTRITAL DE LA HUACA,381,Exportar Hoja de Trabajo,14
511f1ca3052a4e96b139df7884301089a080e519e6bb1853ab5338ae32465d9b,BIBLIOTECA MUNICIPAL DE LA PUNTA,BIBLIOTECA PÚBLICA,CALLAO,PROV. CONST. DEL CALLAO,LA PUNTA,MUNICIPALIDAD DISTRITAL DE LA PUNTA,120,Exportar Hoja de Trabajo,15
6dc4f7b8678747e3463d890de326eefae720560601fbbc48044b125eabb6908e,BIBLIOTECA MUNICIPAL JORGE BASADRE,BIBLIOTECA PÚBLICA,HUÁNUCO,LEONCIO PRADO,RUPA-RUPA,MUNICIPALIDAD PROVINCIAL LEONCIO PRADO,186,Exportar Hoja de Trabajo,16
864122cb79dc188e5ffaed4dfc175344861a5ee9f5cc12ebe1e056315d8d2b3c,BIBLIOTECA MUNICIPAL IMELDA PHUMPIU DEJO,BIBLIOTECA PÚBLICA,LIMA,CAÑETE,IMPERIAL,MUNICIPALIDAD DISTRITAL DE IMPERIAL,286,Exportar Hoja de Trabajo,17
7d42348f53fa1e4a3480dd87493a4a9e2c8836c6d2d2a2d2516a01831b8b3aac,ENRIQUE LÓPEZ ALBÚRJAR,BIBLIOTECA PÚBLICA,LAMBAYEQUE,CHICLAYO,PATAPO,MUNICIPALIDAD DISTRITAL DE PATAPO,263,Exportar Hoja de Trabajo,18
d563cda17117d01330a0f01fe5c53beffdbbc4ff031df99c724da5224ee0d26e,BIBLIOTECA MUNICIPAL MARÍA ROSTWOROWSKY,BIBLIOTECA PÚBLICA,LIMA,LIMA,LOS OLIVOS,MUNICIPALIDAD DISTRITAL DE LOS OLIVOS,315,Exportar Hoja de Trabajo,19
ed4dcd42d8ddc0e378ef2eb9c9abe6168ab3bb1f0f1258777b06211a5f8963af,BIBLIOTECA MUNICIPAL INCA GARCILASO DE LA VEGA - MUNICIPALIDAD DE LA VICTORIA,BIBLIOTECA PÚBLICA,LIMA,LIMA,LA VICTORIA,MUNICIPALIDAD DE LA VICTORIA,312,Exportar Hoja de Trabajo,20
09a3cb6c918538f37853f16476e7f9f632c6b2a762db1497bb78c6248c2a20a7,DIVISIÓN DE BIBLIOTECA Y ARCHIVO HISTÓRICO BML,BIBLIOTECA PÚBLICA,LIMA,LIMA,LIMA,MUNICIPALIDAD METROPOLITANA DE LIMA,313,Exportar Hoja de Trabajo,21
ad64e3ea6237cd859ba05d2251136a93fc264a57bb88d73675106550cf1bc452,"BIBLIOTECA MUNICIPAL ""ENRIQUE LÓPEZ ALBÚJAR""",BIBLIOTECA PÚBLICA,LIMA,LIMA,JESUS MARIA,MUNICIPALIDAD DE JESUS MARIA,310,Exportar Hoja de Trabajo,22
2492813398c0f7b0539fe5da8d15844313742432bbc3086569a196a43b7d4cb2,BIBLIOTECA MUNICIPAL MANUEL SCORZA - SMP,BIBLIOTECA PÚBLICA,LIMA,LIMA,SAN MARTIN DE PORRES,MUNICIPALIDAD DISTRITAL DE SAN MARTIN DE PORRES,327,Exportar Hoja de Trabajo,23
71c2571f3969433f7642633817f9a1fc594cf41171e4de9a102967ed07dc237d,BIBLIOTECA PÚBLICA MUNICIPAL CÉSAR VALLEJO,BIBLIOTECA PÚBLICA,LIMA,LIMA,ATE,MUNICIPALIDAD DISTRITAL DE ATE,301,Exportar Hoja de Trabajo,24
64aad938d0892a6c25ccdf8301147ed57d7b29d1c08f0041e873801f63e6ed4d,BIBLIOTECA MUNICIPAL DE ATE(HUAYCAN),BIBLIOTECA PÚBLICA,LIMA,LIMA,ATE,MUNICIPALIDAD DISTRITAL DE ATE,301,Exportar Hoja de Trabajo,25
17b73b4e9e09edf734a57a2cd57da63239f9d0dc7eeb87500c9295cb816400b0,BIBLIOTECA MUNICIPAL DE SANTA ANITA,BIBLIOTECA PÚBLICA,LIMA,LIMA,SANTA ANITA,MUNICIPALIDAD DISTRITAL DE SANTA ANITA,329,Exportar Hoja de Trabajo,26
4ef701147db0d9a0ff17e67de140594d054487dcb5239726f378974d9c04c244,"BIBLIOTECA MUNICIPAL ""CIRO ALEGRÍA""",BIBLIOTECA PÚBLICA,LIMA,LIMA,SAN LUIS,MUNICIPALIDAD DE SAN LUIS,326,Exportar Hoja de Trabajo,27
11b078fa54d124e906e9d176b5b9b2c9273ea431365d10431e2d5fcd906fb7c9,BIBLIOTECA MUNICIPAL JUAN MEJÍA BACA - MUNICIPALIDAD DE SAN MIGUEL,BIBLIOTECA PÚBLICA,LIMA,LIMA,SAN MIGUEL,MUNICIPALIDAD DISTRITAL DE SAN MIGUEL,328,Exportar Hoja de Trabajo,28
e1edebf50e0ce7fe905e53cada447815e0aea5d9e47ee864bbefdbda94409d19,BIBLIOTECA MUNICIPAL JOSÉ CARLOS MARIÁTEGUI,BIBLIOTECA PÚBLICA,LIMA,LIMA,VILLA MARIA DEL TRIUNFO,MUNICIPALIDAD DE VILLA MARIA DEL TRIUNFO,332,Exportar Hoja de Trabajo,29
3f85682485eb9fbb9efc73a0b6b3c3a95fa19d8ea45b0803b70d2eab8892dcda,BIBLIOTECA PUBLICA MUNICIPAL DE YAUYA,BIBLIOTECA PÚBLICA,ÁNCASH,CARLOS FERMÍN FITZCARRALD,YAUYA,MUNICIPALIDAD DISTRITAL DE YAUYA,477,Exportar Hoja de Trabajo,30
7192bfd3c5752a8d2886a6cf9abf723408bea9596ef440a88220e8e60563f51f,BIBLIOTECA PÚBLICA MANUEL MARÍA IZAGA PÉREZ,BIBLIOTECA PÚBLICA,LIMA,LIMA,SAN ISIDRO,MUNICIPALIDAD DE SAN ISIDRO,324,Exportar Hoja de Trabajo,31
c282de5937723c9827c2778ddae0d2b7733b50ec397302d0b495bea7e2ed2f69,"BIBLIOTECA PÚBLICA MUNICIPAL DEL CALLAO ""TEODORO CASANA ROBLES""",BIBLIOTECA PÚBLICA,CALLAO,PROV. CONST. DEL CALLAO,CALLAO,MUNICIPALIDAD PROVINCIAL DEL CALLAO,117,Exportar Hoja de Trabajo,32
0d0ab6c818e7de522eeccadcb3d1f7a39ba2333f6e3dc89f1abff1412ede8eb5,VÍCTOR ANDRÉS BELAÚNDE,BIBLIOTECA PÚBLICA,CALLAO,PROV. CONST. DEL CALLAO,LA PERLA,MUNICIPALIDAD DE LA PERLA,119,Exportar Hoja de Trabajo,33
740c0fa0fed87380c448deaca8b92d42aabf0faebefa313d124152e2c5a10894,BIBLIOTECA  MUNICIPAL DE HUARAZ,BIBLIOTECA PÚBLICA,ÁNCASH,HUARAZ,HUARAZ,MUNICIPALIDAD PROVINCIAL DE HUARAZ,482,Exportar Hoja de Trabajo,34
23c4b4d0b9ed1b46b8fa967953cb9beb829f3d4478f7e9ca5aa8d09c28d3d944,BIBLIOTECA MUNICIPALIDAD DE CARHUAZ,BIBLIOTECA PÚBLICA,ÁNCASH,CARHUAZ,CARHUAZ,MUNICIPALIDAD PROVINCIAL DE CARHUAZ,475,Exportar Hoja de Trabajo,35
78e1bedac3fe1a9d7e188ef069bc20e99ee64e297823677eb0e080e471f74c87,BIBLIOTECA MUNICIPAL LUZ DEL SABER,BIBLIOTECA PÚBLICA,JUNÍN,SATIPO,MAZAMARI,MUNICIPALIDAD DISTRITAL DE MAZAMARI,222,Exportar Hoja de Trabajo,36
936043eb409f03a188189aa7b9d88810e5332f0f0c87608d9c9008f8a2fa8abd,BIBLIOTECA MUNICIPAL DE SAN RAMÓN,BIBLIOTECA PÚBLICA,JUNÍN,CHANCHAMAYO,SAN RAMON,MUNICIPALIDAD DISTRITAL DE SAN RAMON,209,Exportar Hoja de Trabajo,37
8fb9d1732cc118be79af986e01ae25fad42c147862c5e544512143fff07fb9f6,"BIBLIOTECA MUNICIPAL DE PISCO ""ABRAHAM VALDELOMAR PINTO""",BIBLIOTECA PÚBLICA,ICA,PISCO,PISCO,MUNICIPALIDAD PROVINCIAL DE PISCO,205,Exportar Hoja de Trabajo,38
9b50d0f9f138ac8979b51137572dcc2b9adc0abe6427e78657c4f9bcdc7b143c,BIBLIOTECA MUNICIPAL VIRTUAL DE LA PROVINCIA DE PADRE ABAD,BIBLIOTECA PÚBLICA,UCAYALI,PADRE ABAD,PADRE ABAD,MUNICIPALIDAD PROVINCIAL DE PADRE ABAD,468,Exportar Hoja de Trabajo,39
83882d938e57052f1a1789195a1a033a54ceb215cecf5d63cee828119cae47db,BIBLIOTECA REGIONAL MARIO VARGAS LLOSA,BIBLIOTECA PÚBLICA,AREQUIPA,AREQUIPA,AREQUIPA,GOBIERNO REGIONAL DE AREQUIPA,53,Exportar Hoja de Trabajo,40
8cf6632f3d79497fc9fa79bdaca97f1430f12ee035b286dfd9d28f4741dd02ee,BIBLIOTECA PÚBLICA MUNICIPAL JACOBO HUNTER,BIBLIOTECA PÚBLICA,AREQUIPA,AREQUIPA,JACOBO HUNTER,MUNICIPALIDAD DISTRITAL JACOBO D HUNTER,56,Exportar Hoja de Trabajo,41
dc6b52cedaffb6f708ac3ddd44241fb57161e341ea4366facd6675568e72eb03,BIBLIOTECA PÚBLICA DE LA MUNICIPALIDAD PROVINCIAL DE AREQUIPA,BIBLIOTECA PÚBLICA,AREQUIPA,AREQUIPA,AREQUIPA,MUNICIPALIDAD PROVINCIAL DE AREQUIPA,53,Exportar Hoja de Trabajo,42
7a3a0842eb366378a5fae59289a355fe8ff1cd98e6be83b1d453c6a7661911c7,BIBLIOTECA MUNICIPAL DE SOCABAYA,BIBLIOTECA PÚBLICA,AREQUIPA,AREQUIPA,SOCABAYA,MUNICIPALIDAD DISTRITAL DE SOCABAYA,59,Exportar Hoja de Trabajo,43
8184f7eef848434014bed747f903bda45f254eb76ba8d30f2e3ce8cc85ad81dd,BIBLIOTECA MUNICIPAL PROVINCIAL CESAR VALLEJO,BIBLIOTECA PÚBLICA,ÁNCASH,SANTA,CHIMBOTE,MUNICIPALIDAD PROVINCIAL DEL SANTA,503,Exportar Hoja de Trabajo,44
c7fc3d456c37cfcb0a8e3543d6dca85567dfc3e10dbcb65a553757158bccc9b1,BIBLIOTECA MUNICIPAL DE COISHCO,BIBLIOTECA PÚBLICA,ÁNCASH,SANTA,COISHCO,MUNICIPALIDAD DISTRITAL DE COISHCO,504,Exportar Hoja de Trabajo,45
7bdb136e9a85d133e84e0e53c5b30129d5721c07e24e4dcef1c96a8ef87c8d77,BIBLIOTECA  MUNICIPAL  AUGUSTO ALBA HERRERA,BIBLIOTECA PÚBLICA,ÁNCASH,HUAYLAS,CARAZ,MUNICIPALIDAD PROVINCIAL DE HUAYLAS,492,Exportar Hoja de Trabajo,46
ee5ba750b004c19c1a7280116f233a47242d580a238237285fac771cf4083098,BIBLIOTECA VIRTUAL MUNICIPAL DE YARINACOCHAS,BIBLIOTECA PÚBLICA,UCAYALI,CORONEL PORTILLO,YARINACOCHA,MUNICIPALIDAD DISTRITAL DE YARINACOCHA,467,Exportar Hoja de Trabajo,47
e310ed3c5242efa677b9d0379c2bf72ee769217cd74f9c521305ceb8d6977565,BIBLIOTECA MUNICIPAL MULTISECTORIAL DE YUYAPICHIS,BIBLIOTECA PÚBLICA,HUÁNUCO,PUERTO INCA,YUYAPICHIS,MUNICIPALIDAD DISTRITAL DE YUYAPICHIS,194,Exportar Hoja de Trabajo,48
fc6e11554c039ec38a17412a8ca6aa003766fcaca723d92df73fe8db76fde64d,MANUEL NATIVIDAD ALDANA RUIZ,BIBLIOTECA PÚBLICA,PIURA,SECHURA,SECHURA,MUNICIPALIDAD PROVINCIAL DE SECHURA,395,Exportar Hoja de Trabajo,49
d3a7df0b38c310e609742e33505d733d3e33259b72112fc1081d692e99fc9f75,BIBLIOTECA MUNICIPAL VICUS - MUNICIPALIDAD DISTRITAL LA MATANZA,BIBLIOTECA PÚBLICA,PIURA,MORROPÓN,LA MATANZA,MUNICIPALIDAD DISTRITAL LA MATANZA,376,Exportar Hoja de Trabajo,50
d3092ecbf122aa026cc623439b501123a5d7cc0cfac000102e2f953b7336ddb4,BIBLIOTECA PÚBLICA MUNICIPAL DISTRITAL DE MONTERO,BIBLIOTECA PÚBLICA,PIURA,AYABACA,MONTERO,MUNICIPALIDAD DISTRITAL MONTERO,369,Exportar Hoja de Trabajo,51
d7c69f265bfd77a23e3f490c07c53b09aebff4c66f43b1403af120cc31cc841b,BIBLIOTECA MUNICIPAL DE AYABACA,BIBLIOTECA PÚBLICA,PIURA,AYABACA,AYABACA,MUNICIPALIDAD PROVINCIAL DE AYABACA,368,Exportar Hoja de Trabajo,52
d36901b1f5cc5bb0a8398e0d70ef4aa88897380625fb146136c977d243554163,BIBLIOTECA CENTRAL MARCELINO CHAMPAGNAT,BIBLIOTECAS DE ENSEÑANZA SUPERIOR,LIMA,LIMA,SANTIAGO DE SURCO,UNIVERSIDAD MARCELINO CHAMPAGNAT,330,Exportar Hoja de Trabajo,53
26b36b28f2642e88e835f3832c698e9e4f2f54887827b3c7e59d00ef17d8229e,BIBLIOTECA MUNICIPAL DE JULIACA,BIBLIOTECA PÚBLICA,PUNO,SAN ROMÁN,JULIACA,MUNICIP PROVINCIAL DE SAN ROMAN JULIACA,426,Exportar Hoja de Trabajo,54
e67b68e39c800cfd2413e61f5f31cf320b821b70bae2b34169c503a3c4d1f3d4,BIBLIOTECA MUNICIPAL DEL COLLAO - ILAVE,BIBLIOTECA PÚBLICA,PUNO,EL COLLAO,ILAVE,MUNICIPALIDAD PROVINCIAL DE EL COLLAO,414,Exportar Hoja de Trabajo,55
099baf9cf82771c120aa81c620a691ef7ea2a200e58fcd738d3f17239ee9ca66,BIBLIOTECA CENTRAL DE LA UNIVERSIDAD PERUANA AUSTRAL DEL CUSCO,BIBLIOTECAS DE ENSEÑANZA SUPERIOR,CUSCO,CUSCO,WANCHAQ,UNIVERSIDAD PERUANA AUSTRAL DEL CUSCO S.A.C - UPAC,142,Exportar Hoja de Trabajo,56
087452dc455b17aa4dd2f8ef9e80e1a87f5531fb9c9009b153d04cfca462c668,BIBLIOTECA MUNICIPAL - CABALLO COCHA,BIBLIOTECA PÚBLICA,LORETO,MARISCAL RAMÓN CASTILLA,RAMON CASTILLA,MUNICIPALIDAD PROVINCIAL MARISCAL RAMON CASTILLA,342,Exportar Hoja de Trabajo,57
dc1aee7553a7425710a20886d2228c80e6bda8fb285d277d6138065c64f04f4f,"BIBLIOTECA MUNICIPAL ""JUAN DE DIOS BUSTAMANTE LOZANO""",BIBLIOTECA PÚBLICA,CAJAMARCA,JAÉN,JAEN,MUNICIPALIDAD PROVINCIAL DE JAEN,108,Exportar Hoja de Trabajo,58
df25f4c7087b9444694eea0534868965100d49b191d9defb4c5c08e894e72c91,BIBLIOTECA MUNICIPAL LUIS AGUILAR CAJAHUAMAN,BIBLIOTECA PÚBLICA,PASCO,PASCO,YANACANCHA,MUNICIPALIDAD DISTRITAL DE YANACANCHA,367,Exportar Hoja de Trabajo,59
1ccfc16c447be1e8398db8af57d7e98618d47ae65cbb738d294df5b85ec82b5b,B01: BIBLIOTECA CENTRAL E INGENIERÍA Y ARQUITECTURA,BIBLIOTECAS DE ENSEÑANZA SUPERIOR,CUSCO,CUSCO,SAN JERONIMO,UNIVERSIDAD ANDINA DEL CUSCO,139,Exportar Hoja de Trabajo,60
2a85e98e333c35177d0d57bac519eac15c98733b545685f6e76524a8e89083ed,B02: BIBLIOTECA DE CIENCIAS ECONÓMICAS  ADMINISTRATIVAS Y CONTABLES Y BIBLIOTECA DE CIENCIAS Y HUMANIDADES,BIBLIOTECAS DE ENSEÑANZA SUPERIOR,CUSCO,CUSCO,SAN JERONIMO,UNIVERSIDAD ANDINA DEL CUSCO,139,Exportar Hoja de Trabajo,61
26af3df04c5148528ed11c3e798e28deefdf254b1f14000e48a4cf04e0496cf9,B03: BIBLIOTECA DE DERECHO Y CIENCIA POLÍTICA,BIBLIOTECAS DE ENSEÑANZA SUPERIOR,CUSCO,CUSCO,SAN JERONIMO,UNIVERSIDAD ANDINA DEL CUSCO,139,Exportar Hoja de Trabajo,62
f5b79ab5658adf99c775977fbb164e25f8a80e1984aa2100ea94f889283bd86f,B04: BIBLIOTECA DE CIENCIAS DE LA SALUD,BIBLIOTECAS DE ENSEÑANZA SUPERIOR,CUSCO,CUSCO,SAN JERONIMO,UNIVERSIDAD ANDINA DEL CUSCO,139,Exportar Hoja de Trabajo,63
0a1db155255fd15dc798745417c0e7bcdc2173107f8a7331f9883f93a1aa1733,B05: BIBLIOTECA DE POSGRADO,BIBLIOTECAS DE ENSEÑANZA SUPERIOR,CUSCO,CUSCO,CUSCO,UNIVERSIDAD ANDINA DEL CUSCO,137,Exportar Hoja de Trabajo,64
e19ce08533f6edbcf9b9e912224badbb117f6156bee72c941ef4353a565be40f,B06: BIBLIOTECA FILIAL PUERTO MALDONADO,BIBLIOTECAS DE ENSEÑANZA SUPERIOR,MADRE DE DIOS,TAMBOPATA,TAMBOPATA,UNIVERSIDAD ANDINA DEL CUSCO,353,Exportar Hoja de Trabajo,65
c143df49b7b50039491de610304d730474241793095c23f4cefa8a3450e65ae2,B07: BIBLIOTECA DE LA FILIAL QUILLBAMBA,BIBLIOTECAS DE ENSEÑANZA SUPERIOR,CUSCO,LA CONVENCIÓN,SANTA ANA,UNIVERSIDAD ANDINA DEL CUSCO,146,Exportar Hoja de Trabajo,66
fbc6cdb2c48df8f0096570ee4da8025aca05ac878e47ff8714d2e594365e7f10,B08: BIBLIOTECA FILIAL SICUANI,BIBLIOTECAS DE ENSEÑANZA SUPERIOR,CUSCO,CANCHIS,SICUANI,UNIVERSIDAD ANDINA DEL CUSCO,134,Exportar Hoja de Trabajo,67
12e2b6d9031e685606c2f5d5fc4158fc02334e5f422db6cf41e2837adad4c1ac,DOMINGO TORERO ARRIETA - MUNICIPALIDAD PROVINCIAL DE HUAURA,BIBLIOTECA PÚBLICA,LIMA,HUAURA,HUACHO,MUNICIPALIDAD PROVINCIAL DE HUAURA-HUACHO,297,Exportar Hoja de Trabajo,68
f50837a013d6a216a8a5b2d431192c46ec01f37527717e94ef6644dadcd575c9,"BIBLIOTECA MUNICIPAL ""RICARDO PALMA""",BIBLIOTECA PÚBLICA,ÁNCASH,HUARI,HUARI,MUNICIPALIDAD PROVINCIAL DE HUARI,488,Exportar Hoja de Trabajo,69
f78066f61748d33d3b0d24366f5bbc12385f046c8f4cf0d8505fb4ec22cd9a0d,BIBLIOTECA MUNICIPAL DE SANDIA,BIBLIOTECA PÚBLICA,PUNO,SANDIA,SANDIA,MUNICIPALIDAD PROVINCIAL DE SANDIA,429,Exportar Hoja de Trabajo,70
fcc687b9912a91daea640afcc79f5c540477781834857cbee242e3c8a06c98a9,BIBLIOTECA MUNICIPAL DE CARABAYLLO,BIBLIOTECA PÚBLICA,LIMA,LIMA,CARABAYLLO,MUNICIPALIDAD DISTRITAL DE CARABAYLLO,304,Exportar Hoja de Trabajo,71
ef60753d2c516b55236a4ae6572b3cea4b21185345ab73cde1b8c91844272851,BIBLIOTECA MUNICIPAL DE CHANCHAMAYO,BIBLIOTECA PÚBLICA,JUNÍN,CHANCHAMAYO,CHANCHAMAYO,MUNICIPALIDAD PROVINCIAL DE CHANCHAMAYO,207,Exportar Hoja de Trabajo,72
0f2515247de924132b767d734d27e43fc129932122ab542c049b5c0ff200b468,"BIBLIOTECA PÚBLICA MUNICIPAL DE CHINCHA ""ABELARDO V. ALVA MAURTUA""",BIBLIOTECA PÚBLICA,ICA,CHINCHA,CHINCHA ALTA,MUNICIPALIDAD PROVINCIAL DE CHINCHA,198,Exportar Hoja de Trabajo,73
65534e2f28527603a2b9dcec26b526bb7355ac5c4c991d7e020b2dd30ceb1a1b,BIBLIOTECA MUNICIPAL DE PALLANCHACRA,BIBLIOTECA PÚBLICA,PASCO,PASCO,PALLANCHACRA,MUNICIPALIDAD DISTRITAL DE PALLANCHACRA,363,Exportar Hoja de Trabajo,74
39e0959457fce6f90a9b51d773a70f72a40ea8ede3c702c9be11c0077a465ce0,BIBLIOTECA MUNICIPAL DE FERREÑAFE,BIBLIOTECA PÚBLICA,LAMBAYEQUE,FERREÑAFE,FERREÑAFE,MUNICIP. PROVINCIAL DE FERREÑAFE,267,Exportar Hoja de Trabajo,75
7e2a0758278216ef5b83efeb092e059889786181d7af3499e7d7e8985827bca6,ROBERTO SALCEDO GUEVARA,BIBLIOTECA PÚBLICA,LAMBAYEQUE,FERREÑAFE,PUEBLO NUEVO,MUNICIPALIDAD DISTRITAL DE PUEBLO NUEVO,268,Exportar Hoja de Trabajo,76
cc0ef1be6768943d756f9ea3cdd5f36a50f63b24932dc5c3d567697c84ee9df1,BIBLIOTECA MUNICIPAL DE HUARAL,BIBLIOTECA PÚBLICA,LIMA,HUARAL,HUARAL,MUNICIPALIDAD PROVINCIAL DE HUARAL,291,Exportar Hoja de Trabajo,77
b97c65f5f35ba070ad1fa5de02591c8ea92a1983d19f0eedf1d6f2efb2688c08,BIBLIOTECA MUNICIPAL ADOLFO VIENRICH,BIBLIOTECA PÚBLICA,JUNÍN,TARMA,TARMA,MUNICIPALIDAD PROVINCIAL TARMA,227,Exportar Hoja de Trabajo,78
afad88a2857535b5d64639cc7493bed21820e74a60b3650ef45b43b64811d6fe,BIBLIOTECA PÚBLICA MUNICIPAL RICARDO PALMA - MUNICIPALIDAD DE PARAMONGA,BIBLIOTECA PÚBLICA,LIMA,BARRANCA,PARAMONGA,MUNICIPALIDAD DISTRITAL DE PARAMONGA,279,Exportar Hoja de Trabajo,79
6f4ee9e1270ad778b15ccc2f5377efc33a40e99a54a233e5dc5cfecce933c5a5,"BIBLIOTECA MUNICIPAL ""MANUEL TELLO DÁVILA"" - PROVINCIAL DE BARRANCA",BIBLIOTECA PÚBLICA,LIMA,BARRANCA,BARRANCA,MUNICIPALIDAD PROVINCIAL DE BARRANCA,278,Exportar Hoja de Trabajo,80
340bea9bc640994d95f3e5991b5ec7efcac865bf2340630b10ec181a25cc8157,JOSÉ GUSTAVO IBERICO ZÁRATE,BIBLIOTECA PÚBLICA,SAN MARTÍN,RIOJA,RIOJA,MUNICIPALIDAD PROVINCIAL DE RIOJA,443,Exportar Hoja de Trabajo,81
0efe4cbc7f0be2944bf5a8a0c72d52d928bdde0aa9eaf20d1658913d86218773,BIBLIOTECA MUNICIPAL - TARAPOTO,BIBLIOTECA PÚBLICA,SAN MARTÍN,SAN MARTÍN,TARAPOTO,MUNICIPALIDAD PROVINCIAL SAN MARTIN,446,Exportar Hoja de Trabajo,82
dd1d556b25642d4f1d8609dc7ab54d8e1271f3c90c2096b7f291b66ebf398120,CASA MUSEO BIBLIOTECA ANTONIO JOSÉ BRACK EGG,BIBLIOTECA PÚBLICA,PASCO,OXAPAMPA,VILLA RICA,MUNICIPALIDAD DISTRITAL DE VILLA RICA,360,Exportar Hoja de Trabajo,83
e55e8d2e1b559a3ac73d49c132f0468ae70ec5620f6ff54833678a4c376d48ad,BIBLIOTECA MUNICIPAL LUIS REYNALDO CHIOK MONTERO - SAN LUIS DE CAÑETE,BIBLIOTECA PÚBLICA,LIMA,CAÑETE,SAN LUIS,MUNICIPALIDAD DISTRITAL DE SAN LUIS,288,Exportar Hoja de Trabajo,84
3f73d89879b0f092f019c7d0b6e2213c039088feada643a1dfd9ab76ddfd12fc,BIBLIOTECA MUNICIPAL DE LA PROVINCIA DE UCAYALI,BIBLIOTECA PÚBLICA,LORETO,UCAYALI,CONTAMANA,MUNICIPALIDAD PROVINCIAL DE UCAYALI,348,Exportar Hoja de Trabajo,85
dfc78d1fef5b04892f7585a67600c6bcebd51950d2e171dde871857f957ddcb6,BIBLIOTECA Y CENTRO DE COMPUTO DE LA MUNICIPALIDAD DISTRITAL ANTONIO RAYMONDI,BIBLIOTECA PÚBLICA,ÁNCASH,BOLOGNESI,ANTONIO RAYMONDI,MUNICIPALIDAD DISTRITAL DE A RAYMONDI,473,Exportar Hoja de Trabajo,86
9a4dca53420e6975022736c1202c5c54ecc5430d67c9d6c7280533b733e67c9f,RIGOBERTO TUFINO CÁRDENAS,BIBLIOTECA PÚBLICA,PASCO,PASCO,SIMON BOLIVAR,MUNICIPALIDAD DISTRITAL SIMON BOLIVAR R.,366,Exportar Hoja de Trabajo,87
434ceb81227a3cf7da80fe7f4574b86e6df3ee63d2c983513340c48e8b5d11d6,BIBLIOTECA ABEL RAMOS PEREA,BIBLIOTECA PÚBLICA,CUSCO,CUSCO,SANTIAGO,MUNICIPALIDAD DISTRITAL SANTIAGO,141,Exportar Hoja de Trabajo,88
adac5434b0459993ded9938a812dc749e1ee0e63d7ce346b6ae1003df058a397,BIBLIOTECA  DE LA MUNICIPALIDAD DISTRITAL DE WANCHAQ,BIBLIOTECA PÚBLICA,CUSCO,CUSCO,WANCHAQ,MUNICIPALIDAD DISTRITAL DE WANCHAQ,142,Exportar Hoja de Trabajo,89
e2c59ec933f12f4854fa9c8c9d5a74c7170d84d644d0aa8e92ad65fcf44ceb12,"BIBLIOTECA MUNICIPAL DEL CUSCO ""GUSTAVO PÉREZ OCAMPO""",BIBLIOTECA PÚBLICA,CUSCO,CUSCO,CUSCO,MUNICIPALIDAD PROVINCIAL DEL CUSCO,137,Exportar Hoja de Trabajo,90
ae9e31afb1d231288426cd5a228dae75fd762cbc7b5afe89507f4502cdb94bd7,"BIBLIOTECA MUNICIPAL ""JOSÉ MARÍA ARGUEDAS"" - MUNICIPALIDAD PROVINCIAL DE ANDAHUAYLAS",BIBLIOTECA PÚBLICA,APURÍMAC,ANDAHUAYLAS,ANDAHUAYLAS,MUNICIPALIDAD PROVINCIAL DE ANDAHUAYLAS,15,Exportar Hoja de Trabajo,91
f5abfff6a3cf5c0dd75c67fe76db93bcf81d07981196beb021707ea3e3fe34f0,BIBLIOTECA MUNICIPAL GUILLERMO VILADEGUT FERRUFINO,BIBLIOTECA PÚBLICA,APURÍMAC,ABANCAY,ABANCAY,MUNICIPALIDAD PROVINCIAL DE ABANCAY,12,Exportar Hoja de Trabajo,92
cf96946086a7e7d5f363593f8adfa292f29f226a7252902797a82b6c9fdc47a4,BIBLIOTECA MUNICIPAL CARLOS CUETO FERNANDINI-TAMBOGRANDE,BIBLIOTECA PÚBLICA,PIURA,PIURA,TAMBOGRANDE,MUNICIPALIDAD DISTRITAL DE TAMBOGRANDE,392,Exportar Hoja de Trabajo,93
50deb59c7432f38630545e77c68777c02a2521ecf7376b36a9842aeebe96859a,BIBLIOTECA CENTRAL UCH,BIBLIOTECAS DE ENSEÑANZA SUPERIOR,LIMA,LIMA,LOS OLIVOS,ASOCIACION CIVIL UNIVERSIDAD DE CIENCIAS Y HUMANIDADES UCH,315,Exportar Hoja de Trabajo,94
e5348e13c4933311755a670d8608573e55fa8e23a02e3435b64df154ec307f48,BIBLIOTECA MUNICIPAL JOSÉ EUFEMIO LORA Y LORA,BIBLIOTECA PÚBLICA,LAMBAYEQUE,CHICLAYO,CHICLAYO,MUNICIPALIDAD PROVINCIAL DE CHICLAYO,257,Exportar Hoja de Trabajo,95
8993da3da2a01295ab538e6bf0c4ebb768d7dc16b4753eec7c9e27ee94a8aa4f,BIBLIOTECA MUNICIPAL DE PUCUSANA,BIBLIOTECA PÚBLICA,LIMA,LIMA,PUCUSANA,MUNICIPALIDAD DISTRITAL DE PUCUSANA,320,Exportar Hoja de Trabajo,96
fd92aed51f1268a331b1c6a250ed80857f630733ed16b3459a97411b4b7b22e9,BIBLIOTECA FÍSICA MANUEL HERMINIO CISNEROS ZAVALETA,BIBLIOTECA PÚBLICA,HUÁNUCO,AMBO,AMBO,MUNICIPALIDAD PROVINCIAL DE AMBO,174,Exportar Hoja de Trabajo,97
ca6bc6f0e863e09dc2d3961f289bb83d2962b0f83b922419efa7033aec12ddd5,"BIBLIOTECA MUNICIPAL ""LIBROS CON CAFÉ""",BIBLIOTECA PÚBLICA,JUNÍN,CHANCHAMAYO,PICHANAQUI,MUNICIPALIDAD DISTRITAL DE PICHANAQUI,208,Exportar Hoja de Trabajo,98
a663bef5df0da7d7d664d1685e142840e1c09b44b4718a3b0cd50a278ae4b6e4,HIPOLITO UNANUE,BIBLIOTECA PÚBLICA,LIMA,CAÑETE,SAN VICENTE DE CAÑETE,MUNICIPALIDAD PROVINCIAL DE CANETE,289,Exportar Hoja de Trabajo,99
1cf7f346f3d9882ef71f8c67bf101db046d43366a1d624e50be10443c07c91c4,BIBLIOTECA MUNICIPAL DE VITIS,BIBLIOTECA PÚBLICA,LIMA,YAUYOS,VITIS,MUNICIPALIDAD DISTRITAL DE VITIS,335,Exportar Hoja de Trabajo,100
e15cb519415554b292b29d75e5599c15533f72038042eb547b4504a2613738f6,BIBLIOTECA MUNICIPAL JAVIER PRADO,BIBLIOTECA PÚBLICA,LIMA,LIMA,LINCE,MUNICIPALIDAD DISTRITAL DE LINCE,314,Exportar Hoja de Trabajo,101
b49819e9d9b198c9860942316af4fb0142c50112d122700dc55006ebd9ded803,BIBLIOTECA PÚBLICA MUNICIPAL DE SAN BORJA,BIBLIOTECA PÚBLICA,LIMA,LIMA,SAN BORJA,MUNICIPALIDAD DE SAN BORJA,323,Exportar Hoja de Trabajo,102
10027ba062a9d08a9ba558550da7c1c1589ec4cf5e2767168adc6caeef643a5c,"BIBLIOTECA MUNICIPAL ""ANTONIO RAIMONDI""",BIBLIOTECA PÚBLICA,LIMA,LIMA,CHACLACAYO,MUNICIPALIDAD DE CHACLACAYO,305,Exportar Hoja de Trabajo,103
7a4b994a2e8a31b7997c4ffddcb833db1e693e5a2b870a3bdd9fa6d5921694b8,WILFREDO ATOCHE RAMIREZ,BIBLIOTECA PÚBLICA,PIURA,SULLANA,SALITRAL,MUNICIPALIDAD DISTRITAL DE SALITRAL,402,Exportar Hoja de Trabajo,104
d580e779b42de0290020083c497619463dcd2dec8f646133b8e69d7134193341,BIBLIOTECA MUNICIPAL DE SAN SEBASTIAN,BIBLIOTECA PÚBLICA,CUSCO,CUSCO,SAN SEBASTIAN,MUNICIPALIDAD DISTRITAL SAN SEBASTIAN,140,Exportar Hoja de Trabajo,105
d40eca72230c8b62dbb7adb83cf67194ea29ec88a1ecf35482d9bc654007d33e,"BIBLIOTECA MUNICIPAL ""JOSÉ DE SAN MARTÍN"" ICA",BIBLIOTECA PÚBLICA,ICA,ICA,ICA,MUNICIPALIDAD PROVINCIAL DE ICA,200,Exportar Hoja de Trabajo,106
e3b9402470a00139de27e3a2b5a5f00fadbefee3edba364c6356c9ed78e93b3a,BIBLIOTECA PÚBLICA MANYLSA,BIBLIOTECA PÚBLICA,LIMA,LIMA,ATE,MUNICIPALIDAD DISTRITAL DE ATE,301,Exportar Hoja de Trabajo,107
b231c4ca01ea5341d171e77d4307309538cfbb3a9c5ae332efdce7cd9a698fe3,BIBLIOTECA GAMALIEL CHURATA,BIBLIOTECA PÚBLICA,PUNO,PUNO,PUNO,MUNICIPALIDAD PROVINCIAL DE PUNO,424,Exportar Hoja de Trabajo,108
7d7b7f8c1c994df6664d367cf9d309c7527715ebddb9ffdab791eb137416184a,BIBLIOTECA MUNICIPAL LUIS E. VALCARCEL,BIBLIOTECA PÚBLICA,MOQUEGUA,ILO,ILO,MUNICIPALIDAD PROVINCIAL DE ILO,355,Exportar Hoja de Trabajo,109
0661243d5e97bfa9b3af0a01a99044f5a2d5b5aa30d7bd4e31f9fc5ce9a4e8f3,GENARO HERRERA,BIBLIOTECA PÚBLICA,LORETO,ALTO AMAZONAS,YURIMAGUAS,MUNICIPALIDAD PROVINCIAL DE ALTO AMAZONA,338,Exportar Hoja de Trabajo,110
21e4480eb35f072d4fc8ac458484f6ce4ed67911af8717c011ded78cdfd57bde,"BIBLIOTECA PÚBLICA MUNICIPAL ""MANUEL GONZALEZ PRADA""",BIBLIOTECA PÚBLICA,JUNÍN,HUANCAYO,EL TAMBO,MUNICIPALIDAD DISTRITAL DE EL TAMBO,214,Exportar Hoja de Trabajo,111
987ad871b082a2014484319edfdeb337a792e44b7e6d0378d5901924da049784,"BIBLIOTECA MUNICIPAL DE ANCÓN ""ZOILA CASAS CALDERÓN""",BIBLIOTECA PÚBLICA,LIMA,LIMA,ANCON,MUNICIPALIDAD DISTRITAL DE ANCON,300,Exportar Hoja de Trabajo,112
1888bb7c841a49982f95015f0952d1e15614a7e56558a148812b3783833406aa,BIBLIOTECA MUNICIPAL MANUEL BEINGOLEA,BIBLIOTECA PÚBLICA,LIMA,LIMA,BARRANCO,MUNICIPALIDAD DE BARRANCO,302,Exportar Hoja de Trabajo,113
d35d1454ca49dabfe254beca81f6c3e62cc8063f351beae48252ef54687a9e57,BIBLIOTECA MUNICIPAL RODOLFO SANCHEZ TORRES,BIBLIOTECA PÚBLICA,PIURA,TALARA,LA BREA,MUNICIPALIDAD DISTRITAL DE LA BREA,404,Exportar Hoja de Trabajo,114
9fc31af9d1aa725017c7f335ec337a646999b9b90378adaf84f80892dc67308a,BIBLIOTECA MUNICIPAL DE INDEPENDENCIA,BIBLIOTECA PÚBLICA,LIMA,LIMA,INDEPENDENCIA,MUNICIPALIDAD DE INDEPENDENCIA,309,Exportar Hoja de Trabajo,115
b1c50cc05d466f18252fe4170a248669bea9d74c2f6c279ba925212929d6d5c6,BIBLIOTECA DE LA UNIVERSIDAD NACIONAL DE TUMBES,BIBLIOTECAS DE ENSEÑANZA SUPERIOR,TUMBES,TUMBES,TUMBES,UNIVERSIDAD NACIONAL DE TUMBES,460,Exportar Hoja de Trabajo,116
12d94559f4806252319fab6a508d54733f113ca36adf2780faddb433c504da80,BIBLIOMETRO CENTRAL NORTE,BIBLIOTECA PÚBLICA,LIMA,LIMA,LIMA,MUNICIPALIDAD METROPOLITANA DE LIMA,313,Exportar Hoja de Trabajo,117
48c06e69c054762f0a48cae5191fcf8924a3dcbf2e36129dfa9f9587e44bbfba,BIBLIOMETRO MATELLINI,BIBLIOTECA PÚBLICA,LIMA,LIMA,LIMA,MUNICIPALIDAD METROPOLITANA DE LIMA,313,Exportar Hoja de Trabajo,118
81f085a937b2bceb1e623f7f4775998dbdec2742c9cbb8854203826aed135be8,BIBLIOMETRO CENTRAL SUR,BIBLIOTECA PÚBLICA,LIMA,LIMA,LIMA,MUNICIPALIDAD METROPOLITANA DE LIMA,313,Exportar Hoja de Trabajo,119
506c521916726f489fac2cc96a1d75325c85d144e759d2477cde3b04b4ab8fed,BIBLIOMETRO NARANJAL,BIBLIOTECA PÚBLICA,LIMA,LIMA,LIMA,MUNICIPALIDAD METROPOLITANA DE LIMA,313,Exportar Hoja de Trabajo,120
7f02053b7eb307be87cae7525d4d4779112440a46e9dff5ed5a47c4a64132cec,BIBLIOTECA MUNICIPAL CARLOS TINNING,BIBLIOTECA PÚBLICA,LIMA,LIMA,MAGDALENA DEL MAR,MUNICIPALIDAD DE MAGDALENA DEL MAR,318,Exportar Hoja de Trabajo,121
f0890690d30207847222531cb03f1748ffd848fdbbaaa0c6e26218def376903d,BIBLIOTECA UNIVERSAL CÉSAR ABRAHAM VALLEJO MENDOZA,BIBLIOTECA PÚBLICA,LA LIBERTAD,SANTIAGO DE CHUCO,SANTIAGO DE CHUCO,MUNICIPALIDAD PROVINC SANTIAGO DE CHUCO,244,Exportar Hoja de Trabajo,122
8f318a4432cae36f40d84b5da22bd0e169d7bf0d0f0d92344018c4c901227c9f,"BIBLIOTECA MUNICIPAL ""HILDEBRANDO CASTRO POZO""",BIBLIOTECA PÚBLICA,PIURA,TALARA,PARIÑAS,MUNICIPALIDAD PROVINCIAL DE TALARA,407,Exportar Hoja de Trabajo,123
3090f8d8321699e0d79cbec581ab985d1c13f456988eec8bb0b38da361f141a1,BIBLIOTECA CENTRAL DE LA UNIVERSIDAD NACIONAL SAN LUIS GONZAGA,BIBLIOTECAS DE ENSEÑANZA SUPERIOR,ICA,ICA,ICA,UNIVERSIDAD NACIONAL SAN LUIS GONZAGA,200,Exportar Hoja de Trabajo,124
d2dd978092d098bf88e6698315d35551a898d4a402a93b7781b8d481a0f23d1c,BIBLIOTECA MUNICIPAL DE LA MUNICIPALIDAD PROVINCIAL DE HUANCAVELICA,BIBLIOTECA PÚBLICA,HUANCAVELICA,HUANCAVELICA,HUANCAVELICA,MUNICIPALIDAD PROVINCIAL DE HUANCAVELICA,167,Exportar Hoja de Trabajo,125
d88ee85634c0d1f8af3e86b70e4ea660be8e7b6247ead9a3989579dabe0c5793,BIBLIOTECA MUNICIPAL JOSÉ GÁLVEZ EGÚSQUIZA,BIBLIOTECA PÚBLICA,CAJAMARCA,CAJAMARCA,CAJAMARCA,MUNICIPALIDAD PROVINCIAL DE CAJAMARCA,96,Exportar Hoja de Trabajo,126
1e52eb62b80f7451c9aff781185c9cda999a9e2c0e4a3dfa63b01b42c8b840e6,EMILIANO NIÑO PASTOR,BIBLIOTECA PÚBLICA,LAMBAYEQUE,LAMBAYEQUE,MOTUPE,MUNICIPALIDAD DISTRITAL DE MOTUPE,273,Exportar Hoja de Trabajo,127
ec8ce1c54fd69fa4dbcf9cbf98a481a03991e4f27c117a51e1ae9cda4a1fd42f,"BIBLIOTECA CENTRAL ""JAVIER PULGAR VIDAL""",BIBLIOTECAS DE ENSEÑANZA SUPERIOR,HUÁNUCO,HUÁNUCO,PILLCO MARCA,UNIV. NAC.  HERMILIO VALDIZAN  HUANUCO,181,Exportar Hoja de Trabajo,128
ee956434f3570a4303007fe8a6ff8124f1531d9d7a3584acfd0eeed215fe1e00,BIBLIOTECA CENTRAL UNASAM,BIBLIOTECAS DE ENSEÑANZA SUPERIOR,ÁNCASH,HUARAZ,INDEPENDENCIA,UNIVERSIDAD NACIONAL SANTIAGO ANTUNEZ DE MAYOLO,483,Exportar Hoja de Trabajo,129
e496e2e06d0903e0237114c61ace507dcedf75b673381f822995ee48c83421a5,MANUEL GONZALEZ PRADA,BIBLIOTECA PÚBLICA,CALLAO,PROV. CONST. DEL CALLAO,VENTANILLA,MUNICIPALIDAD DISTRITAL DE VENTANILLA,122,Exportar Hoja de Trabajo,130
9e6c488eb384ef8d3147628de45b315afc38b750df0809d9373115187adc29ab,WILFREDO AGUILA CHAPILLIQUEN VICE,BIBLIOTECA PÚBLICA,PIURA,SECHURA,VICE,MUNICIPALIDAD DISTRITAL DE VICE,396,Exportar Hoja de Trabajo,131
eeb07c5e06527a6be440a6852e6712ffd2b2533226e5abc5858a8cef4690447c,"BIBLIOTECA PÚBLICA MUNICIPAL ""JOSÉ MARÍA ARGUEDAS""",BIBLIOTECA PÚBLICA,LIMA,LIMA,LURIGANCHO,MUNICIPALIDAD DISTRITAL DE LURIGANCHO (CHOSICA),316,Exportar Hoja de Trabajo,132
6e619db31ad2f2cba9752dbd178bf69afdbdb576dc9ff926a81c0ea2ec02727e,"BIBLIOTECA MUNICIPAL ""GABINO ARTADI Y VIDAGUREN""",BIBLIOTECA PÚBLICA,PIURA,PAITA,PAITA,MUNICIPALIDAD PROVINCIAL DE PAITA,382,Exportar Hoja de Trabajo,133
5b7afb9e1e9fccd819b8d2b2d3f71f323d5b8228ec93da2b29e1da64b06a9aa8,BIBLIOTECA PUBLICA MUNICIPAL VÍCTOR RAÚL HAYA DE LA TORRE,BIBLIOTECA PÚBLICA,PIURA,PAITA,ARENAL,MUNICIPALIDAD DISTRITAL 'EL ARENAL',380,Exportar Hoja de Trabajo,134
04f44d6f35d316be8f54ea4f8e498af253456075ec9d79a614f05abdf4cce731,BIBLIOTECA MUNICIPAL CARLOS CUETO FERNANDINI - CHANCAY,BIBLIOTECA PÚBLICA,LIMA,HUARAL,CHANCAY,MUNICIPALIDAD DISTRITAL DE CHANCAY,290,Exportar Hoja de Trabajo,135
d8c7bfa0be31bf1a99d2d3cc4797d6ebb5c2e5e7e6fe0e889fc9dbb387f48609,BIBLIOTECA MUNICIPAL DE TRUJILLO,BIBLIOTECA PÚBLICA,LA LIBERTAD,TRUJILLO,TRUJILLO,MUNICIPALIDAD PROVINCIAL DE TRUJILLO,253,Exportar Hoja de Trabajo,136
6a3a140e45961654a3124897bad05520237bc77bc2c0344adcc454643f2a29b5,JOSÉ CARLOS MARIÁTEGUI,BIBLIOTECA PÚBLICA,PIURA,PIURA,LA UNION,MUNICIPALIDAD DISTRITAL DE LA UNION,388,Exportar Hoja de Trabajo,137
02b4d976454afa065698fda10a1f6d58269ef08413ea3911832f9fa61e009d7d,MANUEL ALFONSO BALAREZO ABAD,BIBLIOTECA PÚBLICA,PIURA,PIURA,LA ARENA,MUNICIPALIDAD DISTRITAL DE LA ARENA,387,Exportar Hoja de Trabajo,138
69ce87b2b047ccd24ea402bf652377516efbea3c7f477ea6fb27b2c18fac5d48,JOSÉ WATANABE VARAS,BIBLIOTECA PÚBLICA,LA LIBERTAD,TRUJILLO,LAREDO,MUNICIPALIDAD DISTRITAL DE LAREDO,250,Exportar Hoja de Trabajo,139
7ef3c059fe91af60e9aa0e360a930566d91ce52823ee49e8b053f1071bd2f966,"BIBLIOTECA MUNICIPAL ""JOSÉ MARIA CALLE MORALES""",BIBLIOTECA PÚBLICA,PIURA,PIURA,CATACAOS,MUNICIPALIDAD DISTRITAL DE CATACAOS,384,Exportar Hoja de Trabajo,140
0e5e567ac5bcd9b38b500c3ede66ca95140aa5baf510ffc0e39cab59166e9a09,INDOAMERICA,BIBLIOTECA PÚBLICA,LA LIBERTAD,TRUJILLO,VICTOR LARCO HERRERA,MUNICIPALIDAD DISTRITAL DE VICTOR LARCO HERRERA,254,Exportar Hoja de Trabajo,141
dd603ba9dcd55e715a80a763c316e58d8007f952c0688d1f4d9f72686fa83a48,BIBLIOTECA MUNICIPAL DE POROY,BIBLIOTECA PÚBLICA,CUSCO,CUSCO,POROY,MUNICIPALIDAD DISTRITAL DE POROY,138,Exportar Hoja de Trabajo,142
05d86d25b31ae179c7eb89226ea862a8d14d7f10ed4522f6e07852643f43d04d,BIBLIOTECA MUNICIPAL,BIBLIOTECA PÚBLICA,PIURA,MORROPÓN,CHULUCANAS,MUNICIPALIDAD PROVINCIAL DE MORROPON - C HULUCANAS,375,Exportar Hoja de Trabajo,143
7c4043ac4bd544102b3c4825fa34a398354da25bc7e37b4155db38616136c537,BIBLIOTECA MUNICIPAL SAN JUAN DE BIGOTE,BIBLIOTECA PÚBLICA,PIURA,MORROPÓN,SAN JUAN DE BIGOTE,MUNICIPALIDAD DISTRITAL DE SAN JUAN DE BIGOTE,377,Exportar Hoja de Trabajo,144
bbf920bd2672322ee28ae0bbd25971fdc4de4287699b45f4962423b4e44509f1,"BIBLIOTECA MUNICIPAL ""TÚPAC AMARU""",BIBLIOTECA PÚBLICA,PIURA,PIURA,CASTILLA,MUNICIPALIDAD DISTRITAL DE CASTILLA,383,Exportar Hoja de Trabajo,145
cae4152dc7151eb2eeb6904966608380a63a5ef091b5f51cf7c24328f28242e9,"BIBLIOTECA MUNICIPAL ""VICTOR LARCO HERRERA""",BIBLIOTECA PÚBLICA,LA LIBERTAD,TRUJILLO,HUANCHACO,MUNICIPALIDAD DISTRITAL DE HUANCHACO,249,Exportar Hoja de Trabajo,146
204325110a3ace2cbf1bd2b8eda583ceea1607a5b55734ac12c3dea58cf1501e,BIBLIOTECA PÚBLICA MUNICIPAL DE POROTO,BIBLIOTECA PÚBLICA,LA LIBERTAD,TRUJILLO,POROTO,MUNICIPALIDAD DISTRITAL DE POROTO,252,Exportar Hoja de Trabajo,147
0d4d69a352a29ab8842b0b45e4d6b890ac02afa19a3b476b04e9bf80e7df073e,BIBLIOTECA CENTRAL DE BELLAS ARTES,BIBLIOTECAS DE ENSEÑANZA SUPERIOR,LIMA,LIMA,LIMA,ESCUELA NACIONAL SUPERIOR AUTONOMA DE BELLAS ARTES DEL PERU,313,Exportar Hoja de Trabajo,148
198fb74d779c083d99d147f5c42d8448f732e6c2113dfb6ef3f0e246636a9df4,BIBLIOTECA VIRTUAL MUNICIPAL CESAR VALLEJO,BIBLIOTECA PÚBLICA,PIURA,PIURA,LAS LOMAS,MUNICIPALIDAD DISTRITAL DE LAS LOMAS,389,Exportar Hoja de Trabajo,149
bd17d0c5ef27c48cd7f55297374cf53cd931422979086a56c3656173cc38ab62,VÍCTOR RAÚL HAYA DE LA TORRE - CASA DE LA CULTURA,BIBLIOTECA PÚBLICA,PIURA,SULLANA,SULLANA,MUNICIPALIDAD PROVINCIAL DE SULLANA,403,Exportar Hoja de Trabajo,150
f44bfe39670973b5bca68070e9135946c84aa9f10cba88f7d699a813bbffc5a7,CARLOS AUGUSTO SALAVERRY,BIBLIOTECA PÚBLICA,PIURA,SULLANA,LANCONES,MUNICIPALIDAD DISTRITAL DE LANCONES,398,Exportar Hoja de Trabajo,151
2f5e81567d993412fec403b7ffd47c527216a776dcdabcec848e2aabd8de2d7d,BIBLIOTECA MUNICIPAL DE NAMORA,BIBLIOTECA PÚBLICA,CAJAMARCA,CAJAMARCA,NAMORA,MUNICIPALIDAD DISTRITAL DE NAMORA,100,Exportar Hoja de Trabajo,152
c8fc8d648bc7831576098665b58a3d9f66d7c69e836e03df96cf04a22317e023,BIBLIOTECA MUNICIPAL ELEAZAR VARGAS CORREA,BIBLIOTECA PÚBLICA,CAJAMARCA,CAJAMARCA,JESUS,MUNICIPALIDAD DISTRITAL DE JESUS,98,Exportar Hoja de Trabajo,153
273c0eff3c2acf1b206ba8244ba27a6ff9e2d57dd420bf88d413d80fc12756ce,BIBLIOTECA MUNICIPAL DE YURA,BIBLIOTECA PÚBLICA,AREQUIPA,AREQUIPA,YURA,MUNICIPALIDAD DISTRITAL DE YURA,62,Exportar Hoja de Trabajo,154
d6bf42070e6a4508ba3e1db1954d4446ec6cb39ef6adb0433618223325c9618c,BIBLIOTECA RICARDO PALMA,BIBLIOTECA PÚBLICA,LIMA,LIMA,MIRAFLORES,MUNICIPALIDAD DISTRITAL DE MIRAFLORES,319,Exportar Hoja de Trabajo,155
9d7986fcfbea3cf464af72e69cfb8db95996d4884f1a2f1c1e41b56a89df5b3e,BIBLIOTECA SANTA CRUZ,BIBLIOTECA PÚBLICA,LIMA,LIMA,MIRAFLORES,MUNICIPALIDAD DISTRITAL DE MIRAFLORES,319,Exportar Hoja de Trabajo,156
563931daf0e734427f458567606075a528766b4d44e2650d22bb98ac1f7a9ce4,BIBLIOTECA MUNICIPAL ATAHUALPA,BIBLIOTECA PÚBLICA,CAJAMARCA,CAJAMARCA,LOS BAÑOS DEL INCA,MUNICIPALIDAD DISTRITAL DE B. DEL INCA,99,Exportar Hoja de Trabajo,157
65d1a2b74ffc1a734fae97829b4c043016d03ab40eda271e768cc9eaff93cc1b,BIBLIOTECA PUBLICA MUNICIPAL MIRAFLORES,BIBLIOTECA PÚBLICA,AREQUIPA,AREQUIPA,MIRAFLORES,MUNICIPALIDAD DISTRITAL DE MIRAFLORES,57,Exportar Hoja de Trabajo,158
c81c8a24e9ebcb9c316f248a3562dba4bdb4a90df924888b95b419bb43034242,BIBLIOTECA MUNICIPAL DE CHETILLA,BIBLIOTECA PÚBLICA,CAJAMARCA,CAJAMARCA,CHETILLA,MUNICIPALIDAD DISTRITAL DE CHETILLA,97,Exportar Hoja de Trabajo,159
a71b92bc83a785669bd1b9e9a3817895bb6e5f6b1e2de8dacf54423b7d2e0388,BIBLIOTECA MUNICIPAL SAN JUAN DE TARUCANI,BIBLIOTECA PÚBLICA,AREQUIPA,AREQUIPA,SAN JUAN DE TARUCANI,MUNICIPALIDAD DISTRITAL SAN JUAN DE TARUCANI,58,Exportar Hoja de Trabajo,160
0d90a5a4dedde79a373ca1665f8f6ddb41418570063dfece6c9deacd8874aa48,BIBLIOTECA PUBLICA MUNICIPAL MI PERU,BIBLIOTECA PÚBLICA,CALLAO,PROV. CONST. DEL CALLAO,MI PERU,MUNICIPALIDAD DISTRITAL DE MI PERU,121,Exportar Hoja de Trabajo,161
985f4fe17f7a8a284a8d44492673dcbd4b90cf3fb62f3866f6384d82bac8258a,SALA DE LECTURA PARA NIÑOS AUGUSTA PALMA,BIBLIOTECA PÚBLICA,LIMA,LIMA,MIRAFLORES,MUNICIPALIDAD DISTRITAL DE MIRAFLORES,319,Exportar Hoja de Trabajo,162
160e5f73b0af175e0f67d4d3f8261c58308b5878c13e87b0673f29dfb7efad48,BIBLIOTECA MUNICIPAL ALBERTO GUILLÉN,BIBLIOTECA PÚBLICA,AREQUIPA,AREQUIPA,YANAHUARA,MUNICIPALIDAD DISTRITAL DE YANAHUARA,60,Exportar Hoja de Trabajo,163
eb544170d5c212d29cbefb49866e2e1de7a5d96980504d5c7f7638c1743d04b6,BIBLIOTECA MUNICIPAL CIRO ALEGRÍA - SAN JUAN DE LURIGANCHO,BIBLIOTECA PÚBLICA,LIMA,LIMA,SAN JUAN DE LURIGANCHO,MUNICIPALIDAD DE SAN JUAN DE LURIGANCHO,325,Exportar Hoja de Trabajo,164
e67acfee847127e5324caa315fb32a2fb610d918bb0b8398b70a7d061c3b9ca8,"BIBLIOTECA MUNICIPAL ""TEODORA SUAREZ VDA. DE CASTRO""",BIBLIOTECA PÚBLICA,JUNÍN,JAUJA,YAUYOS,MUNICIPALIDAD DISTRITAL DE YAUYOS,220,Exportar Hoja de Trabajo,165
f7551a1fac86ec022a3dcb01efeb675de96417fba890b0a689e792f494e071bd,BIBLIOTECA PÚBLICA DE LA MUNICIPALIDAD DE BELLAVISTA - SULLANA,BIBLIOTECA PÚBLICA,PIURA,SULLANA,BELLAVISTA,MUNICIPALIDAD DISTRITAL BELLAVISTA,397,Exportar Hoja de Trabajo,166
9be8c207ddafeb773bc34b9673d109a7183ba625c5a0aa3dadec5b462732d040,CASA DE LA CULTURA RICARDO PALMA,BIBLIOTECA PÚBLICA,PIURA,SULLANA,QUERECOTILLO,MUNICIPALIDAD DISTRITAL DE QUERECOTILLO,401,Exportar Hoja de Trabajo,167
78bd3f2c02d57542966a0fa6b491ab50ba5cb229e5a3878ae660b3197ea91e98,"BIBLIOTECA MUNICIPAL ""BELAUNDE DIEZ CANSECO""",BIBLIOTECA PÚBLICA,CALLAO,PROV. CONST. DEL CALLAO,CARMEN DE LA LEGUA REYNOSO,MUNICIPALIDAD DISTRITAL DE CARMEN DE LA,118,Exportar Hoja de Trabajo,168
4081f23b2e4cd722f2198fff6dfcc3a09ea0f98775eb46f305dcc82a394e325c,PEDRO QUIJADA BERROCAL,BIBLIOTECA PÚBLICA,CUSCO,URUBAMBA,MACHUPICCHU,MUNICIPALIDAD DISTRITAL DE MACHUPICCHU,153,Exportar Hoja de Trabajo,169
5836746e274d3c2ab70a8a5ddbf10da3d37ea582035ec92b082b156a7ac3120a,"BIBLIOTECA MUNICIPAL ""JOSE CARDENAS ALDANA""",BIBLIOTECA PÚBLICA,LA LIBERTAD,VIRÚ,VIRU,MUNICIPALIDAD PROVINCIAL DE VIRU,255,Exportar Hoja de Trabajo,170
f0620225bcad1d3f3d52730b8878b01cef49555616ac9a4b4091d1e33e635d0a,BIBLIOTECA MUNICIPAL DE URUBAMBA,BIBLIOTECA PÚBLICA,CUSCO,URUBAMBA,URUBAMBA,MUNICIPALIDAD PROVINCIAL DE URUBAMBA,154,Exportar Hoja de Trabajo,171
5f7323679ee84485f8112cb81101d42a563247b56df202026fb6185a8195c12c,BIBLIOTECA MUNICIPAL ANTA,BIBLIOTECA PÚBLICA,CUSCO,ANTA,ANTA,MUNICIPALIDAD PROVINCIAL DE ANTA,125,Exportar Hoja de Trabajo,172
70289bd9d16c8580ba36561b1c4cd89b406beb57cfdf4a14032ec6874fc8a88e,BIBLIOTECA MUNICIPAL DE LIVITACA,BIBLIOTECA PÚBLICA,CUSCO,CHUMBIVILCAS,LIVITACA,MUNICIPALIDAD DISTRITAL DE LIVITACA,135,Exportar Hoja de Trabajo,173
7b78a125012219019233a59dea868a914623a9dcacd0e49d15b73f93df4cf53f,BIBLIOTECA MUNICIPAL CELENDÍN,BIBLIOTECA PÚBLICA,CAJAMARCA,CELENDÍN,CELENDIN,MUNICIPALIDAD PROVINCIAL DE CELENDIN,101,Exportar Hoja de Trabajo,174
c762595e3d89e7ede1752e0f22c12289183b62a3bbde3f33ac0f7ced53e2bda0,BIBLIOTECA MUNICIPAL DE GROCIO PRADO,BIBLIOTECA PÚBLICA,ICA,CHINCHA,GROCIO PRADO,MUNICIPALIDAD DISTRITAL DE GROCIO PRADO,199,Exportar Hoja de Trabajo,175
c7a254a8069db9e23bd24739d245c4007e584e6080c49af280764ac7aa75985a,BIBLIOTECA LORENZO ALCALA POMALAZA,BIBLIOTECA PÚBLICA,JUNÍN,CONCEPCIÓN,CONCEPCION,MUNICIPALIDAD PROVINCIAL DE CONCEPCION,211,Exportar Hoja de Trabajo,176
ed8de865450b1ad665e3d2842668040be849724bc3ddc35d9af5c050c7e8808f,BIBLIOTECA PÚBLICA MUNICIPAL DE HUÁNUCO,BIBLIOTECA PÚBLICA,HUÁNUCO,HUÁNUCO,HUANUCO,MUNICIPALIDAD PROVINCIAL DE HUANUCO,180,Exportar Hoja de Trabajo,177
b1812410752829aca45ba1c4599820c3bbeba15b749619e910366993048fe9ba,ULISES ROBLES VIERA,BIBLIOTECA PÚBLICA,LA LIBERTAD,CHEPÉN,CHEPEN,MUNICIPALIDAD PROVINCIAL DE CHEPEN,234,Exportar Hoja de Trabajo,178
1d04561dc3d9f5f7261f6ad46d1995cdad3ee0291a8c295af24eeed9de026d31,RICARDO PALMA BIBLIOTECA MUNICIPAL,BIBLIOTECA PÚBLICA,TUMBES,CONTRALMIRANTE VILLAR,ZORRITOS,MUNICIPALIDAD PROVINCIAL DE CONTRALMIRANTE VILLAR,456,Exportar Hoja de Trabajo,179
9db0202d5b8b21e81e2432e3589e915b058dfb921d91d2c93962b865efbed8b2,BIBLIOTECA MUNICIPAL DE BAMBAMARCA,BIBLIOTECA PÚBLICA,CAJAMARCA,HUALGAYOC,BAMBAMARCA,MUNICIPALIDAD PROVINCIAL DE HUALGAYOC,106,Exportar Hoja de Trabajo,180
af0f29080a2d13784782c782b59eaffb37aed4dd4289fcca39a29e0192da2bed,MIGUEL JUSTINO RAMÍREZ ADRIANZEN,BIBLIOTECA PÚBLICA,PIURA,HUANCABAMBA,HUANCABAMBA,MUNICIPALIDAD PROVINCIAL HUANCABAMBA,372,Exportar Hoja de Trabajo,181
acff71e85db8d400169f772d18e4fb7ab126b02f48dbed37e346cd855ea5d94f,BIBLIOTECA MUNICIPAL DE ESPINAR,BIBLIOTECA PÚBLICA,CUSCO,ESPINAR,ESPINAR,MUNICIPALIDAD PROVINCIAL DE ESPINAR,143,Exportar Hoja de Trabajo,182
bb7b3390328815449e35a3df3c1ef3902a1acf2b08aa7f5971d665bddabbee59,BIBLIOTECA MUNICIPAL DE HUARMEY,BIBLIOTECA PÚBLICA,ÁNCASH,HUARMEY,HUARMEY,MUNICIPALIDAD PROVINCIAL DE HUARMEY,491,Exportar Hoja de Trabajo,183
b427a38b40a4d65ff0b74a667172b4a5c20177560ce833c543795724d2ab955d,BIBLIOTECA MUNICIPAL DE SAPILLICA,BIBLIOTECA PÚBLICA,PIURA,AYABACA,SAPILLICA,MUNICIPALIDAD DISTRITAL DE SAPILLICA,370,Exportar Hoja de Trabajo,184
693fcfbb8567adc73404a5223111c7715a756faebc0faa5764a726dcfbba23d3,BIBLIOTECA ANTONIO RAIMONDI MPP-T,BIBLIOTECA PÚBLICA,LA LIBERTAD,PATAZ,TAYABAMBA,MUNICIPALIDAD PROVINCIAL DE PATAZ,243,Exportar Hoja de Trabajo,185
e6932e7554a3faa473d27b45b876b164d6aa42591a290e0c2a7ec6652187fd8a,BIBLIOTECA Y SALA DE COMPUTO MUNICIPAL DE BELLA UNIÓN,BIBLIOTECA PÚBLICA,AREQUIPA,CARAVELÍ,BELLA UNION,MUNICIPALIDAD DISTRITAL DE BELLA UNION,65,Exportar Hoja de Trabajo,186
65673953814f925142cb7a0261b8a675cd6aecc6cf051ba0c6e32c096deb5d6b,VÍCTOR RODRIGUEZ SUY SUY,BIBLIOTECA PÚBLICA,LA LIBERTAD,TRUJILLO,MOCHE,MUNICIPALIDAD DISTRITAL DE MOCHE,251,Exportar Hoja de Trabajo,187
7c51b81d07093ad52777329bf619a8961e5a355bf9514a6190c085a330a3547d,BIBLIOTECA MUNICIPAL JUAN THOMIS,BIBLIOTECA PÚBLICA,CAJAMARCA,SANTA CRUZ,SANTA CRUZ,MUNICIPALIDAD PROVINCIAL DE SANTA CRUZ,115,Exportar Hoja de Trabajo,188
faf2b23ea7222fad1b2d3450ee8487be56cb119ec31bcb3f4986a237c8fd48bc,VAGÓN CULTURAL Y AMBIENTAL,BIBLIOTECA PÚBLICA,LIMA,LIMA,PUEBLO LIBRE (MAGDALENA VIEJA),MUNICIPALIDAD DE PUEBLO LIBRE,321,Exportar Hoja de Trabajo,189
a993d6da0aa5b33aef1fc1a195ccdaf99107cdc74420f72911dc32aa7246a6f0,OCTAVIO POLO BRICEÑO,BIBLIOTECA PÚBLICA,LA LIBERTAD,PACASMAYO,PACASMAYO,MUNICIPALIDAD DISTRITAL DE PACASMAYO,240,Exportar Hoja de Trabajo,190
8e8c8e5898c70b968998ebe49c12f4d2f16f0f78f11889164ffc8d2cc3b8fdf3,BIBLIOTECA MUNICIPAL SAN MIGUEL,BIBLIOTECA PÚBLICA,CAJAMARCA,SAN MIGUEL,SAN MIGUEL,MUNICIPALIDAD PROVINCIAL SAN MIGUEL,113,Exportar Hoja de Trabajo,191
8dcbd40d7a66982fa2608e990e5383c4da108ca5ab522b90ae2d44202d9710c7,BIBLIOTECA MUNICIPAL DE ISLAY,BIBLIOTECA PÚBLICA,AREQUIPA,ISLAY,ISLAY,MUNICIPALIDAD DISTRITAL ISLAY MATARANI,72,Exportar Hoja de Trabajo,192
b122dec22215ad66926560a42bd1578cd676da000a74e302c0ccf139693586dd,BIBLIOTECA PÚBLICA MUNICIPAL SAN SEBASTIÁN DE SUYO,BIBLIOTECA PÚBLICA,PIURA,AYABACA,SUYO,MUNICIPALIDAD DISTRITAL DE SUYO,371,Exportar Hoja de Trabajo,193
d6d9eef67d323a10f4488b7b49bbc9653c9761cf9a8e998dc39e9a120f6b11ee,"BIBLIOTECA MUNICIPAL ""VÍCTOR RAÚL HAYA DE LA TORRE""",BIBLIOTECA PÚBLICA,CAJAMARCA,JAÉN,BELLAVISTA,MUNICIPALIDAD DISTRITAL BELLAVISTA,107,Exportar Hoja de Trabajo,194
8d5a3b02251023975eb360f1967407c44da52dc190f9876afca6f782ff3f392b,"BIBLIOTECA MUNICIPAL ""RAFAEL VILLALOBOS TORRES""",BIBLIOTECA PÚBLICA,LAMBAYEQUE,CHICLAYO,CAYALTI,MUNICIPALIDAD DISTRITAL DE CAYALTI,256,Exportar Hoja de Trabajo,195
7a895066dc3857af83897c246ae870f92fb9a411e560e70956d0acb7ae47d766,BIBLIOTECA MUNICIPAL CÉSAR VALLEJO,BIBLIOTECA PÚBLICA,LIMA,LIMA,PUENTE PIEDRA,MUNICIPALIDAD PUENTE PIEDRA,322,Exportar Hoja de Trabajo,196
7bbec2600738af0c477388eb33953116c902e664859188742b03984b81023989,BIBLIOTECA MUNICIPAL MARIO FLORIÁN,BIBLIOTECA PÚBLICA,CAJAMARCA,CONTUMAZÁ,CONTUMAZA,MUNICIPALIDAD PROVINCIAL DE CONTUMAZA,104,Exportar Hoja de Trabajo,197
70f4b5b74bac1359dd1ebcd56a1e897eac23bcb635e8871ff09161a93c4f844a,BIBLIOTECA NAZARIO CHÁVEZ,BIBLIOTECA PÚBLICA,CAJAMARCA,CELENDÍN,SUCRE,MUNICIPALIDAD DISTRITAL DE SUCRE,102,Exportar Hoja de Trabajo,198
68b6e62c1f9f0eab57174bfa562e09d2d548bba552e9bb5793f51e26c1a8911d,BIBLIOTECA VÍCTOR RAÚL HAYA DE LA TORRE,BIBLIOTECA PÚBLICA,PIURA,PIURA,CURA MORI,MUNICIPALIDAD  DISTRITAL DE CURA MORI,385,Exportar Hoja de Trabajo,199
42c8bd9d18e60ae917b1020f9cd9a299f3608152cea905ffea8d1a265f4f5487,BIBLIOTECA MUNICIPALIDAD DISTRITAL SEXI,BIBLIOTECA PÚBLICA,CAJAMARCA,SANTA CRUZ,SEXI,MUNICIPALIDAD DISTRITAL DE SEXI,116,Exportar Hoja de Trabajo,200
b861a420203494af1945c3e961e8d5bef080055acf9fa3bcaa9f2fd311ca7675,BIBLIOTECA MUNICIPAL DE LIRCAY,BIBLIOTECA PÚBLICA,HUANCAVELICA,ANGARAES,LIRCAY,MUNICIPALIDAD PROVINCIAL ANGARAES LIRCAY,157,Exportar Hoja de Trabajo,201
989df576ffd2ffa74955be243ecf62fc058f9e305b56e400b5885d70de924373,BIBLIOTECA MUNICIPAL DE SALAS,BIBLIOTECA PÚBLICA,LAMBAYEQUE,LAMBAYEQUE,SALAS,MUNICIPALIDAD DISTRITAL DE SALAS,276,Exportar Hoja de Trabajo,202
dac208b07180dac6eb2b6582c96daa534b92551a9974039882e124d0fb67168f,BIBLIOTECA MUNICIPAL DE AZÁNGARO,BIBLIOTECA PÚBLICA,PUNO,AZÁNGARO,AZANGARO,MUNICIPALIDAD PROVINCIAL DE AZANGARO,409,Exportar Hoja de Trabajo,203
525638b196680a27b25eb5d7a98dfecc9980d6c82f46bedbed70487dec84e0c1,BIBLIOTECA MUNICIPAL DE ACORA,BIBLIOTECA PÚBLICA,PUNO,PUNO,ACORA,MUNICIPALIDAD DISTRITAL DE ACORA,422,Exportar Hoja de Trabajo,204
5d1c2a6c7e7e3177e9d616e9f4946b697a546cc8f9332aa47012c8809fb8ac54,BIBLIOTECA MUNICIPAL DE AIJA,BIBLIOTECA PÚBLICA,ÁNCASH,AIJA,AIJA,MUNICIPALIDAD PROVINCIAL DE AIJA,470,Exportar Hoja de Trabajo,205
51f97249e17c25787c3dbf42bddbb0b138382e5e34bfd1dd7ce0bbe48d449de6,BIBLIOTECA MUNICIPAL JOSÉ MARÍA ARGUEDAS,BIBLIOTECA PÚBLICA,LIMA,LIMA,VILLA EL SALVADOR,MUNICIPALIDAD DE VILLA EL SALVADOR,331,Exportar Hoja de Trabajo,206
5c1c6718ac52e360ee575ed4272eab1f78a440c7c5fa1d9ac516ddc6f8da92cc,BIBLIOTECA E INTERNET MUNICIPAL DE NUÑOA,BIBLIOTECA PÚBLICA,PUNO,MELGAR,NUÑOA,MUNICIPALIDAD DISTRITAL DE NUÑOA,419,Exportar Hoja de Trabajo,207
39e55a7bde703bae089cfdebcc1edcbba6feed68ef975fdda2fc345248b347f9,JESUS ROBLES TORRES,BIBLIOTECA PÚBLICA,ICA,PISCO,SAN ANDRES,MUNICIPALIDAD DISTRITAL DE SAN ANDRES,206,Exportar Hoja de Trabajo,208
05be279beb7c0d1d5072e482e6478ec2279fa6ccac949822624e9b6c718e9c61,RÓMULO PAREDES GONZALES,BIBLIOTECA PÚBLICA,LAMBAYEQUE,LAMBAYEQUE,ILLIMO,MUNICIPALIDAD DISTRITAL DE ILLIMO,269,Exportar Hoja de Trabajo,209
74bed96814dbe1fbf10af4ef84272d6eb79c829fb5069d5b81a0bf2567b636fd,BIBLIOTECA MUNICIPAL DE SAN JUAN DEL ORO,BIBLIOTECA PÚBLICA,PUNO,SANDIA,SAN JUAN DEL ORO,MUNICIPALIDAD DIST DE SAN JUAN DEL ORO,428,Exportar Hoja de Trabajo,210
f728e65ef563be9d4fec3b2c218dd4cc5bf3674423c75705adb936fc75bdef03,"BIBLIOTECA MUNICIPAL ""ROMÁN MARCIANO ASALDE MONJE""",BIBLIOTECA PÚBLICA,LAMBAYEQUE,LAMBAYEQUE,TUCUME,MUNICIPALIDAD DISTRITAL DE TUCUME,277,Exportar Hoja de Trabajo,211
f5eea58b1fa1c37c3353443091d52b10280a4fc75593f7ecc26d06300ef64a1e,BIBLIOTECA MUNICIPAL DE NASCA,BIBLIOTECA PÚBLICA,ICA,NAZCA,NAZCA,MUNICIPALIDAD PROVINCIAL DE NASCA,203,Exportar Hoja de Trabajo,212
c7a88673b80c67c9cd03b8d778d92bfc49bc094badbded29f2b124727aa6afb5,BIBLIOTECA MUNICIPAL EL TALLAN,BIBLIOTECA PÚBLICA,PIURA,PIURA,EL TALLAN,MUNICIPALIDAD DISTRITAL DE EL TALLAN,386,Exportar Hoja de Trabajo,213
2ac332ab0df4485832c456e06da036835f0fb53d2c59a6c1013d003fa543b28a,"BIBLIOTECA MUNICIPAL ""PEDRO RUIZ GALLO""",BIBLIOTECA PÚBLICA,LAMBAYEQUE,CHICLAYO,ETEN,MUNICIPALIDAD DISTRITAL DE CIUDAD ETEN,258,Exportar Hoja de Trabajo,214
89574feae623c270f4219eaabf72b84476309b4626246b49425d9fb3fb145ef4,BIBLIOTECA MUNICIPAL CRUCERO,BIBLIOTECA PÚBLICA,PUNO,CARABAYA,CRUCERO,MUNICIPALIDAD DISTRITAL DE CRUCERO,410,Exportar Hoja de Trabajo,215
8979480fb1fd86361de663b6c4b6a51cd18a55f4d8def11ac5f4bf1813c74bd8,"BIBLIOTECA MUNICIPAL DE MOYOBAMBA ""JENARO ERNESTO HERRERA TORRES""",BIBLIOTECA PÚBLICA,SAN MARTÍN,MOYOBAMBA,MOYOBAMBA,MUNICIPALIDAD PROVINCIAL DE MOYOBAMBA,438,Exportar Hoja de Trabajo,216
3505f00e3218b291a2c19b54cc70040392571a5db00b4075dd53df056f7c8da4,BIBLIOTECA MUNICIPAL DE URCOS,BIBLIOTECA PÚBLICA,CUSCO,QUISPICANCHI,URCOS,MUNICIPALIDAD PROVINCIAL DE QUISPICANCHI-URCOS,152,Exportar Hoja de Trabajo,217
7940521ba1e5e7a37e8992561d6f00b630bcb14ed888863ad01f1a58f1017944,BIBLIOTECA  MUNICIPAL SIMEÓN E. SÁNCHEZ TORRES,BIBLIOTECA PÚBLICA,AYACUCHO,HUANTA,HUANTA,MUNICIPALIDAD PROVINCIAL DE HUANTA,83,Exportar Hoja de Trabajo,218
665294dcb7e5a88d2451a9b261b820be7f29b952f619a2fe6c7dcc6c0a269e2f,BIBLIOTECA MUNICIPAL SAN FRANCISCO SOLANO,BIBLIOTECA PÚBLICA,AMAZONAS,LUYA,SAN FRANCISCO DEL YESO,MUNICIP.DIST. DE SAN FRANCISCO DEL YESO,9,Exportar Hoja de Trabajo,219
8cc7a7fd77012b17eee4bd0e1075b45a723229305b7f4c1629cfd8e5f1b39667,BIBLIOTECA MUNICIPAL DE HUAYLLAY,BIBLIOTECA PÚBLICA,PASCO,PASCO,HUAYLLAY,MUNICIPALIDAD DISTRITAL DE HUAYLLAY,362,Exportar Hoja de Trabajo,220
c7087eba3074f493daac21e9b5571a3ec500806ccc6f94c2f39f0393a4838b0e,BIBLIOTECA  MUNICIPAL SAN ANTONIO DE PUTINA,BIBLIOTECA PÚBLICA,PUNO,SAN ANTONIO DE PUTINA,PUTINA,MUNICIPALIDAD PROVINCIAL SAN ANTONIO PUT,425,Exportar Hoja de Trabajo,221
a9d012ceadd07850e396b00158f575cb7f0dc5ce33c29c570f6dff9b6058a709,BIBLIOTECA PÚBLICA MUNICIPAL MOQUEGUA,BIBLIOTECA PÚBLICA,MOQUEGUA,MARISCAL NIETO,MOQUEGUA,MUNICIPALIDAD PROVINCIAL MARISCAL NIETO,356,Exportar Hoja de Trabajo,222
dcf9db0a78449e917f122ead8c4809646b19bc12dba29dbea94af69d540efe09,BIBLIOTECA MUNICIPAL DE LAMPA,BIBLIOTECA PÚBLICA,PUNO,LAMPA,LAMPA,MUNICIPALIDAD PROVINCIAL DE LAMPA,416,Exportar Hoja de Trabajo,223
4b48cc922ce42d96bc17634d793e02fe305f1bcf707727be744b55d8ccdbd3aa,BIBLIOTECA MUNICIPAL DE CARMEN ALTO,BIBLIOTECA PÚBLICA,AYACUCHO,HUAMANGA,CARMEN ALTO,MUNICIPALIDAD DISTRITAL DE CARMEN ALTO,77,Exportar Hoja de Trabajo,224
d87923d39561f800e834088deac00bcd147c764d56040738e604e48166a48f48,BIBLIOTECA PÚBLICA MUNICIPAL DE PANGOA,BIBLIOTECA PÚBLICA,JUNÍN,SATIPO,PANGOA,MUNICIPALIDAD DISTRITAL DE PANGOA,223,Exportar Hoja de Trabajo,225
4875ef629f3e7d1df8a5170c462c32ebed7bc2c322e1c22d42c002ae3d4194a2,BIBLIOTECA MUNICIPAL RAMÓN CASTILLA,BIBLIOTECA PÚBLICA,LIMA,LIMA,CHORRILLOS,MUNICIPALIDAD DE CHORRILLOS,306,Exportar Hoja de Trabajo,226
5ee6096c47f93354363653c76dfbc565ec87886c48f9abf6b6d60b995f893ada,BIBLIOTECA MUNICIPAL DE TALAVERA,BIBLIOTECA PÚBLICA,APURÍMAC,ANDAHUAYLAS,TALAVERA,MUNICIPALIDAD DISTRITAL DE TALAVERA,20,Exportar Hoja de Trabajo,227
a8af1e4860ce0295208419238c641a64da2935b55d6a875228125f5013825741,"BIBLIOTECA MUNICIPAL ""FRANCISCO IZQUIERDO RÍOS""",BIBLIOTECA PÚBLICA,SAN MARTÍN,RIOJA,NUEVA CAJAMARCA,MUNICIPALIDAD DISTRITAL DE NUEVA CAJAMARCA,442,Exportar Hoja de Trabajo,228
0b82f1cef8449138ef53d2b59382b4e86c7d34cb0586c368da22e76f0dca3938,BIBLIOTECA PEDRO MONGE CÓRDOVA,BIBLIOTECA PÚBLICA,JUNÍN,JAUJA,JAUJA,MUNICIPALIDAD PROVINCIAL JAUJA,217,Exportar Hoja de Trabajo,229
02ba05352bb68ed58015499deac22d2a53020d4d9906f85b5f3a4bc3d0740726,BIBLIOTECA MUNICIPAL AYAVIRI MELGAR,BIBLIOTECA PÚBLICA,PUNO,MELGAR,AYAVIRI,MUNICIPALIDAD PROV. DE MELGAR,418,Exportar Hoja de Trabajo,230
0281d741c6b246bfd3064a27d879130d3a99cd94fab2a6e4b9444c32ee3de156,BIBLIOTECA CENTRAL DE LA UNIVERSIDAD NACIONAL DE CAÑETE,BIBLIOTECAS DE ENSEÑANZA SUPERIOR,LIMA,CAÑETE,SAN VICENTE DE CAÑETE,UNIVERSIDAD NACIONAL DE CAÑETE,289,Exportar Hoja de Trabajo,231
2d2da71cea58140ef6ac2520bb53ff7a187a188f01b0a04e106c3101137d6a53,BIBLIOTECA MUNICIPAL ARTURO ZUBIATE ZABARBURÚ,BIBLIOTECA PÚBLICA,AMAZONAS,CHACHAPOYAS,CHACHAPOYAS,MUNICIPALIDAD PROVINCIAL CHACHAPOYAS,4,Exportar Hoja de Trabajo,232
2ea809e62ed065ff81918323052e1bbf30c51e38deaa08b8960a88350704fbf5,BIBLIOTECA VIRTUAL JOAQUÍN GARCÍA SÁNCHEZ,BIBLIOTECA PÚBLICA,LORETO,MAYNAS,IQUITOS,MUNICIPALIDAD PROVINCIAL DE MAYNAS,343,Exportar Hoja de Trabajo,233
75bd035b1ba0e6fad2ff7e8cdda63683f2ea23818345bdb7d9b01d559e1dca43,BIBLIOTECA MUNICIPAL DE COLCABAMBA,BIBLIOTECA PÚBLICA,HUANCAVELICA,TAYACAJA,COLCABAMBA,MUNICIPALIDAD DISTRITAL DE COLCABAMBA,172,Exportar Hoja de Trabajo,234
b9892d6119ca1d813e2848a43151b723c6f19283d8be0ca719deb860249c5cfe,BIBLIOTECA MUNICIPAL DE SAN JERÓNIMO,BIBLIOTECA PÚBLICA,CUSCO,CUSCO,SAN JERONIMO,MUNICIPALIDAD DISTRI. DE SAN JERONIMO,139,Exportar Hoja de Trabajo,235
3f9f964748edb98921b48176edd3ed8849b8a2bf0c2625cbe8554200ffed2b35,BIBLIOTECA DE LA MUNICIPALIDAD DISTRITAL DE TANTAMAYO,BIBLIOTECA PÚBLICA,HUÁNUCO,HUAMALÍES,TANTAMAYO,MUNICIPALIDAD DISTRITAL DE TANTAMAYO,179,Exportar Hoja de Trabajo,236
dbf382098924eeb5d1cedbd301d1302accc3f382d3f08edc6ee9aaafd34af22d,BIBLIOTECA MUNICIPAL JULIO CHIROQUE PAICO,BIBLIOTECA PÚBLICA,TUMBES,TUMBES,CORRALES,MUNICIPALIDAD DISTRITAL DE CORRALES,457,Exportar Hoja de Trabajo,237
054b22a8d01a0a0ea91851ea756daa2a93b629ba58cc7534bd0dc389a3a8e857,BIBLIOTECA MUNICIPAL MARCAVELICA,BIBLIOTECA PÚBLICA,PIURA,SULLANA,MARCAVELICA,MUNICIPALIDAD DISTRITAL DE MARCAVELICA,399,Exportar Hoja de Trabajo,238
f508a5260297d014b0324b0fdc49c5f9e8ddc52aad213855126af370ba34525d,BIBLIOTECA MUNICIPAL “RAMÓN N. ARGOMEDO”,BIBLIOTECA PÚBLICA,LA LIBERTAD,OTUZCO,OTUZCO,MUNICIPALIDAD PROVINCIAL DE OTUZCO,238,Exportar Hoja de Trabajo,239
6d4726824284ba5c9dc3803c3c09bba71811d45bc7ce3fa88d596b8d8c01dec1,BIBLIOTECA MUNICIPAL  AKUNTA,BIBLIOTECA PÚBLICA,CAJAMARCA,CHOTA,CHOTA,MUNICIPALIDAD PROVINCIAL DE CHOTA,103,Exportar Hoja de Trabajo,240
4baa11e7604c5d575b287e03afacd0d2016774c272fea25d20224967253e58d3,BIBLIOTECA MUNICIPAL JULIO ABELARDO LUZA GIRONZINI,BIBLIOTECA PÚBLICA,PUNO,HUANCANÉ,HUANCANE,MUNICIPALIDAD PROVINCIAL DE HUANCANE,415,Exportar Hoja de Trabajo,241
c901d32f3c496c3e1872a5e547f1209815738e21b077db089ae17fe91148568e,BIBLIOTECA MUNICIPAL DE YAMANGO,BIBLIOTECA PÚBLICA,PIURA,MORROPÓN,YAMANGO,MUNICIPALIDAD DISTRITAL DE YAMANGO,378,Exportar Hoja de Trabajo,242
344f6a16c3cbddb2f5aebd4e00388a927729205a35fc4aebd9d04a9d998173c7,BIBLIOTECA MUNICIPAL VICTOR ANDRÉS BELAUNDE,BIBLIOTECA PÚBLICA,TUMBES,TUMBES,LA CRUZ,MUNICIPALIDAD DISTRITAL LA CRUZ,458,Exportar Hoja de Trabajo,243
c3e6c63ea9f15d5dcc0a6d318095de2c132091d6da975456fba84243f0c6db0f,JOSÉ SEVILLA ESCAJADILLO,BIBLIOTECA PÚBLICA,LA LIBERTAD,PACASMAYO,SAN PEDRO DE LLOC,MUNICIPALIDAD PROVINCIAL DE PACASMAYO,241,Exportar Hoja de Trabajo,244
95551585ce51ee1211aa388ca7e08a790ebc5206a6b95807c80b0ef39e8522a6,BIBLIOTECA INFANTIL MUNICIPAL DISTRITAL DE LOS AQUIJES,BIBLIOTECA PÚBLICA,ICA,ICA,LOS AQUIJES,MUNICIPALIDAD DISTRITAL DE LOS AQUIJES,201,Exportar Hoja de Trabajo,245
2e8e8f8ab39ed55805ef4b16ab317bc3fd25c3c4545e314e79b4c5f0bedb52e1,BIBLIOTECA MUNICIPAL DE OXAPAMPA,BIBLIOTECA PÚBLICA,PASCO,OXAPAMPA,OXAPAMPA,MUNICIPALIDAD PROVINCIAL OXAPAMPA,358,Exportar Hoja de Trabajo,246
5260aae4d9ba7b36c2e17b4feeb7f8960c5360876a8ebbfb7d7b59b0f906ae86,BIBLIOTECA MUNICIPAL DE CAHUAC,BIBLIOTECA PÚBLICA,HUÁNUCO,YAROWILCA,CAHUAC,MUNICIPALIDAD DISTRITAL DE CAHUAC,195,Exportar Hoja de Trabajo,247
2f0af615c16edd070a7cd978c70c964d32a220778d5099e239071386bd456028,JAIME LÓPEZ RAYGADA,BIBLIOTECA PÚBLICA,ÁNCASH,CASMA,CASMA,MUNICIPALIDAD PROVINCIAL DE CASMA,478,Exportar Hoja de Trabajo,248
221fbea554f9110b47b456a781e86ea09a3af028c7de4ae600a2f790536b7672,BIBLIOTECA MUNICIPAL MONSEÑOR RAMÓN ZUVIETA YLES - MUNICIPALIDAD DE TAMBOPATA,BIBLIOTECA PÚBLICA,MADRE DE DIOS,TAMBOPATA,TAMBOPATA,MUNICIPALIDAD PROVINCIAL DE TAMBOPATA,353,Exportar Hoja de Trabajo,249
465ec76938d053d24310560abc8cbbab0c8ad42c857314f756c5f4fa4fb9aadb,BIBLIOTECA MUNICIPAL MANUEL ORLANDO UCEDA CAMPOS,BIBLIOTECA PÚBLICA,LAMBAYEQUE,CHICLAYO,MONSEFU,MUNICIPALIDAD DISTRITAL DE MONSEFU,261,Exportar Hoja de Trabajo,250
5aca3594e79c85d910a8b5821e2fa4363973b104d376d18dad6a5569b0abdb1e,BIBLIOTECA MUNICIPAL DE COMAS,BIBLIOTECA PÚBLICA,JUNÍN,CONCEPCIÓN,COMAS,MUNICIPALIDAD DISTRITAL DE COMAS,210,Exportar Hoja de Trabajo,251
8e17e81acf8a526f22d683c34be09f15e0ff9af85a9ca747bbe15253085b1751,BIBLIOTECA MUNICIPAL CÉSAR VALLEJO - MUNICIPALIDAD DISTRITAL DE HUAURA,BIBLIOTECA PÚBLICA,LIMA,HUAURA,HUAURA,MUNICIPALIDAD DISTRITAL DE HUAURA,298,Exportar Hoja de Trabajo,252
2457c0ac1b74295fd6950496f6d838a401ff983813131de1486b1b7412535f7b,BIBLIOTECA MUNICIPAL CABANA,BIBLIOTECA PÚBLICA,ÁNCASH,PALLASCA,CABANA,MUNICIPALIDAD PROVINCIAL DE PALLASCA,498,Exportar Hoja de Trabajo,253
e75a420841bdf109d99c782b4f62bf35421db00209eaee203f7399dc5db88066,BIBLIOTECA MUNICIPAL DAVID BOCANEGRA PÉREZ,BIBLIOTECA PÚBLICA,SAN MARTÍN,MOYOBAMBA,SORITOR,MUNICIPALIDAD DISTRITAL DE SORITOR,439,Exportar Hoja de Trabajo,254
1d85d5968e58b77a6af50fb1ec891d40555fbbf77f3ae31e0735cb8722bc2a0b,BIBLIOTECA MUNICIPAL  MARIA  ROSTWOROWSKI,BIBLIOTECA PÚBLICA,PIURA,TALARA,MANCORA,MUNICIPALIDAD DISTRITAL DE MANCORA,406,Exportar Hoja de Trabajo,255
dbbf53e2deac8fee00666e612b56b53c588903349b456ce87aa796308cb9cf65,BIBLIOTECA MUNICIPAL MANUEL CAMARGO SALAZAR,BIBLIOTECA PÚBLICA,AREQUIPA,AREQUIPA,CERRO COLORADO,MUNICIPALIDAD DISTRITAL DE CERRO COLORADO,55,Exportar Hoja de Trabajo,256
f45821c7ef8110c7002d3bd1158b453b442faa0d6b27631e380952e6c146fa47,BIBLIOTECA MUNICIPAL ELEODORO VARGAS V.,BIBLIOTECA PÚBLICA,JUNÍN,TARMA,ACOBAMBA,MUNICIPALIDAD DISTRITAL DE ACOBAMBA,225,Exportar Hoja de Trabajo,257
3bf6beaaa3c4e0ea681f6e0105b2dc8254b44364220ce629cdd01f290dfd7063,BIBLIOTECA MUNICIPAL QUEHUE,BIBLIOTECA PÚBLICA,CUSCO,CANAS,QUEHUE,MUNICIPALIDAD DISTRITAL DE QUEHUE,131,Exportar Hoja de Trabajo,258
4267ac10d867948a41aaa983b5373640613deb78482b6372967b1e70affdb4b3,BIBLIOTECA MUNICIPAL LUZ DE LA JUVENTUD,BIBLIOTECA PÚBLICA,APURÍMAC,ANDAHUAYLAS,PACUCHA,MUNICIPALIDAD DISTRITAL DE PACUCHA,17,Exportar Hoja de Trabajo,259
af94263d45f22b11a7702e9e38461e3de328189071317344eabaf92bdd5f6dc5,BIBLIOTECA MUNICIPAL SATIPO,BIBLIOTECA PÚBLICA,JUNÍN,SATIPO,SATIPO,MUNICIPALIDAD PROVINCIAL SATIPO,224,Exportar Hoja de Trabajo,260
16f9e8c73115fe4f66622faeb220f58c25cc55fb4a58b21b4fc51e6fbb4d185c,BIBLIOTECA PÚBLICA MUNICIPAL JUAN GALAN VITE,BIBLIOTECA PÚBLICA,PIURA,SECHURA,CRISTO NOS VALGA,MUNICIPALIDAD DISTRITAL CRISTO NOS VALGA,393,Exportar Hoja de Trabajo,261
cf1478a27970d9e03990b79dc93b22b886910527bd6d62408833ba9fd2b0d53a,BIBLIOTECA MUNICIPAL DE LUCRE,BIBLIOTECA PÚBLICA,CUSCO,QUISPICANCHI,LUCRE,MUNICIPALIDAD DISTRITAL DE LUCRE,150,Exportar Hoja de Trabajo,262
d27ba848fa98e29b56f1302db88d82203813dc3340611372f1b1d0081dc83210,BIBLIOTECA PÚBLICA MUNICIPAL “INCA GARCILASO DE LA VEGA”,BIBLIOTECA PÚBLICA,ÁNCASH,SANTA,NUEVO CHIMBOTE,MUNICIPALIDAD DISTRITAL DE NVO CHIMBOTE,505,Exportar Hoja de Trabajo,263
e05e4e9e265907a3712578ac98b2023e6575d41797bb85dbad29da5afae2a054,BIBLIOTECA MUNICIPAL MATAPALO,BIBLIOTECA PÚBLICA,TUMBES,ZARUMILLA,MATAPALO,MUNICIPALIDAD DISTRITAL DE MATAPALO,461,Exportar Hoja de Trabajo,264
af4a661a9ef92c06636866d76bb4de3bf5e5d631d9c8983d0461fddcdcc5ad9b,BIBLIOTECA MUNICIPAL SAN JUAN BAUTISTA,BIBLIOTECA PÚBLICA,AYACUCHO,HUAMANGA,SAN JUAN BAUTISTA,MUNICIP.DISTRIT.DE SAN JUAN BAUTISTA,79,Exportar Hoja de Trabajo,265
7abfdf3d5608f7f4df650c4282e56515341145c9f92b73a84722518d7e4a5668,BIBLIOTECA MUNICIPAL PROMOLIBRO,BIBLIOTECA PÚBLICA,CAJAMARCA,SAN MARCOS,JOSE MANUEL QUIROZ,MUNICIPALIDAD DISTRIT JOSE MANUEL QUIROZ,111,Exportar Hoja de Trabajo,266
e1aaac47ecd0e81c9fa838ef94aca1165c985598132c0112eb42e990d255ce9f,BIBLIOTECA MUNICIPAL ANTABAMBA,BIBLIOTECA PÚBLICA,APURÍMAC,ANTABAMBA,ANTABAMBA,MUNICIPALIDAD PROVINCIAL DE ANTABAMBA,21,Exportar Hoja de Trabajo,267
bf510b9471c63b0ff10bf996c847cdc0b1198e102284dbfb6e955961ead1e2b2,BIBLIOTECA DE LA MUNICIPALIDAD DISTRITAL DE DESAGUADERO,BIBLIOTECA PÚBLICA,PUNO,CHUCUITO,DESAGUADERO,MUNICIPALIDAD DISTRITAL DESAGUADERO,412,Exportar Hoja de Trabajo,268
09b6cfb9e58cf0d116e1eff46b8ba98512162ea90097f7b83cff6535768e73e0,BIBLIOTECA MUNICIPAL DE AMOTAPE,BIBLIOTECA PÚBLICA,PIURA,PAITA,AMOTAPE,MUNICIPALIDAD DISTRITAL DE AMOTAPE,379,Exportar Hoja de Trabajo,269
1ef10ac596f3e136428db7402b8a159958a025f414ec469d373be423fc2f3dc9,BIBLIOTECA MUNICIPAL DE COLCABAMBA - HUARAZ,BIBLIOTECA PÚBLICA,ÁNCASH,HUARAZ,COLCABAMBA,MUNICIPALIDAD DISTRITAL DE COLCABAMBA,481,Exportar Hoja de Trabajo,270
1edf590301628b25e18e763151ee6be9feb9bb5ec23a268176015152a55205e9,BIBLIOTECA MUNICIPAL DE LA PROVINCIA DE ISLAY,BIBLIOTECA PÚBLICA,AREQUIPA,ISLAY,MOLLENDO,MUNICIPALIDAD PROVINCIAL DE ISLAY,73,Exportar Hoja de Trabajo,271
18a800378a05ab95433f14bbb0e99e7fb449ce596d698d49d05282e3fabae92d,BIBLIOTECA DE LA MUNICIPALIDAD PROVINCIAL VICTOR FAJARDO,BIBLIOTECA PÚBLICA,AYACUCHO,VÍCTOR FAJARDO,HUANCAPI,MUNICIPALIDAD PROVINCIAL DE FAJARDO,95,Exportar Hoja de Trabajo,272
6554cea57a4df8c788bca0632ddba55c6b1ea57ec4361cb2b19d02e5792c2f03,BIBLIOTECA MUNICIPAL CODO DEL POZUZO,BIBLIOTECA PÚBLICA,HUÁNUCO,PUERTO INCA,CODO DEL POZUZO,MUNICIPALIDAD DIST DE CODO DEL POZUZO,192,Exportar Hoja de Trabajo,273
f1ba8318d57cb68dde995f9b8d5bf074ed1b6744658846282c10f4f60bcd622d,BIBLIOTECA MUNICIPAL DE COYLLURQUI,BIBLIOTECA PÚBLICA,APURÍMAC,COTABAMBAS,COYLLURQUI,MUNICIPALIDAD DISTRITAL COYLLURQUI,43,Exportar Hoja de Trabajo,274
3fead8231f50cce6f5aecb4c9d6541b12690f8de97b964609ca94739e7973593,BIBLIOTECA MUNICIPAL SANTA LUCÍA,BIBLIOTECA PÚBLICA,PUNO,LAMPA,SANTA LUCIA,MUNICIPALIDAD DISTRITAL DE SANTA LUCIA,417,Exportar Hoja de Trabajo,275
7983bcf8c31aab0b50b3336578f933aae4820740f56e4b58d2264738bff686fc,BIBLIOTECA DE LA MUNICIPALIDAD DISTRITAL DE SÓNDOR,BIBLIOTECA PÚBLICA,PIURA,HUANCABAMBA,SONDOR,MUNICIPALIDAD DISTRITAL SONDOR,374,Exportar Hoja de Trabajo,276
0da0c6c4f8cc738904e992b01cd6c72e646f9d7876afa29b4915f9201a388f21,BIBLIOTECA MUNICIPAL ASILLO,BIBLIOTECA PÚBLICA,PUNO,AZÁNGARO,ASILLO,MUNICIPALIDAD DISTRITAL DE ASILLO,408,Exportar Hoja de Trabajo,277
e6cdf133c9febdd851bbeba4dc096a42bda49b9a742b8f8ad53bd77c2acc5f88,BIBLIOTECA MUNICIPAL DE PAMPAS,BIBLIOTECA PÚBLICA,HUANCAVELICA,TAYACAJA,PAMPAS,MUNICIPALIDAD PROVINCIAL DE TAYACAJA,173,Exportar Hoja de Trabajo,278
f7dec2b8872d55fc08b0cd81f7bd1c24d551205bb760514cee5429964af7bdf7,BIBLIOTECA MUNICIPAL “CHAVIN DE HUANTAR”,BIBLIOTECA PÚBLICA,ÁNCASH,HUARI,CHAVIN DE HUANTAR,MUNICIPALIDAD DISTRITAL DE CHAVIN,487,Exportar Hoja de Trabajo,279
284cf93ca549f929aa98f82529b6399f5551d1c9b02630e498f50d8d6317a9ce,BIBLIOTECA MUNICIPAL VIRTUAL DE TAMBOBAMBA,BIBLIOTECA PÚBLICA,APURÍMAC,COTABAMBAS,TAMBOBAMBA,MUNICIPALIDAD PROVINCIAL COTABAMBAS - APURIMAC,45,Exportar Hoja de Trabajo,280
61c8004c29d783d8d933ad0f84a1872f041be86d81981fb0bc4066ce43b1cce9,BIBLIOTECA MUNICIPAL DE HUAYOPATA,BIBLIOTECA PÚBLICA,CUSCO,LA CONVENCIÓN,HUAYOPATA,MUNICIPALIDAD DISTRITAL DE HUAYOPATA,145,Exportar Hoja de Trabajo,281
a6b32e4002a2caad6cf23c44f9b8262d0648a006aec474f261df1027bfa3b8e2,BIBLIOTECA MUNICIPAL DE LA PROVINCIA DE GRAN CHIMÚ,BIBLIOTECA PÚBLICA,LA LIBERTAD,GRAN CHIMÚ,CASCAS,MUNICIPALIDAD PROVINCIAL GRAN CHIMU,235,Exportar Hoja de Trabajo,282
e8b0cae93b5009f48b1eb737e991a2a9be931e460809c291383307518326607f,BIBLIOTECA VIRTUAL SANTA ROSA MELGAR,BIBLIOTECA PÚBLICA,PUNO,MELGAR,SANTA ROSA,MUNICIPALIDAD DISTRITAL DE SANTA ROSA,420,Exportar Hoja de Trabajo,283
78114b5d7b6e05bf578ac1449c7aac933b2e591a8124d7b46a1dbe814a5e3d8a,BIBLIOTECA MUNICIPAL DE LA MUNICIPALIDAD DISTRITAL DE PICHIRHUA,BIBLIOTECA PÚBLICA,APURÍMAC,ABANCAY,PICHIRHUA,MUNICIPALIDAD PICHIRHUA,14,Exportar Hoja de Trabajo,284
5eb0a63867208a9c44aa3c04e8f5082d87509b898b2a84c77d54ffc0d5a4fbcb,BIBLIOTECA MUNICIPAL DE INAHUAYA,BIBLIOTECA PÚBLICA,LORETO,UCAYALI,INAHUAYA,MUNICIPALIDAD DISTRITAL DE INAHUAYA,349,Exportar Hoja de Trabajo,285
18e1ad0a0c1e9ddec02aea93f2c419b99018c2c2c87d37476d33aabcf8e94786,BIBLIOTECA PÚBLICA DEL DISTRITO DE TAPAIRIHUA,BIBLIOTECA PÚBLICA,APURÍMAC,AYMARAES,TAPAIRIHUA,MUNICIPALIDAD DISTRITAL DE TAPAIRIHUA,33,Exportar Hoja de Trabajo,286
a08c0ddbd2ee86054e4ce41f95e0acc868235fbd79e1c46381e5b4fda7f1abc8,BIBLIOTECA PÚBLICA MUNICIPAL DE MARISCAL LUZURIAGA,BIBLIOTECA PÚBLICA,ÁNCASH,MARISCAL LUZURIAGA,PISCOBAMBA,MUNICIPALIDAD PROV DE MARISCAL LUZURIAGA,495,Exportar Hoja de Trabajo,287
83db7fd1983b17c34d2a8145f6fb78ec4a38e208f42c8b302ab720dfb96b2b6e,BIBLIOTECA MUNICIPAL DE ACOMAYO,BIBLIOTECA PÚBLICA,CUSCO,ACOMAYO,ACOMAYO,MUNICIPALIDAD PROVINCIAL DE ACOMAYO,123,Exportar Hoja de Trabajo,288
7140eb6de8959f5159a9b673eb6db64b018c97a245944bb0114756d8be617e77,BIBLIOTECA DE LA MUNICIPALIDAD DE LUCRE,BIBLIOTECA PÚBLICA,APURÍMAC,AYMARAES,LUCRE,MUNICIPALIDAD DISTRITAL DE LUCRE,30,Exportar Hoja de Trabajo,289
75430e5d03f86fb56491aefa466d47a267d59368ada1a30ee90e86af51a4adc0,BIBLIOTECA MUNICIPAL DE YAUTÁN,BIBLIOTECA PÚBLICA,ÁNCASH,CASMA,YAUTAN,MUNICIPALIDAD DISTRITAL DE YAUTAN,479,Exportar Hoja de Trabajo,290
7860dd19ac616aa68fdb7462eab85d57610a080406e734f932059335f48717e6,BIBLIOTECA MUNICIPAL DE JUSTO APU SAHUARAURA,BIBLIOTECA PÚBLICA,APURÍMAC,AYMARAES,JUSTO APU SAHUARAURA,M.DISTRITAL JUSTO APU SAHUARAURA,29,Exportar Hoja de Trabajo,291
fc26ec9141828d6413f0e36f1e4fcf6d692a2f1d54bc0a83dfa44eb7ea834eaf,BIBLIOTECA MUNICIPAL SAN MARCOS,BIBLIOTECA PÚBLICA,CAJAMARCA,SAN MARCOS,PEDRO GALVEZ,MUNICIPALIDAD PROVINCIAL SAN MARCOS,112,Exportar Hoja de Trabajo,292
8a6b1c9aaae579e662d4ef254c2440353a8718bf1d8cf37842d8f2ab86b2b53d,BIBLIOTECA MUNICIPAL COTARUSE,BIBLIOTECA PÚBLICA,APURÍMAC,AYMARAES,COTARUSE,MUNICIPALIDAD DIST. DE COTARUSI,28,Exportar Hoja de Trabajo,293
452653a65ef9a594b075abe5851f0fc26d3aaf4d942d57617b6a1e3ab3ce1df2,BIBLIOTECA MUNICIPAL DE YURACYACU,BIBLIOTECA PÚBLICA,SAN MARTÍN,RIOJA,YURACYACU,MUNICIPALIDAD DISTRITAL DE YURACYACU,444,Exportar Hoja de Trabajo,294
490b04294ddf3a0a7a089a0076e1be81cb13ad307bccd8b148699d3b66da0ba3,BIBLIOTECA MUNICIPAL SAN JUAN DE CHACÑA,BIBLIOTECA PÚBLICA,APURÍMAC,AYMARAES,SAN JUAN DE CHACÑA,MUNICIPALIDAD DISTRITAL DE SAN JUAN DE CHACÑA,32,Exportar Hoja de Trabajo,295
276984093f00243530078c20cbc006e6738dff908f5771f2f35b6f23658b6f80,BIBLIOTECA MUNICIPAL DE LA PROVINCIA DE CARLOS FERMÍN FITZCARRALD,BIBLIOTECA PÚBLICA,ÁNCASH,CARLOS FERMÍN FITZCARRALD,SAN LUIS,MUNICIPALIDAD PROV.CARLOS F. FITZCARRALD,476,Exportar Hoja de Trabajo,296
fda3e3d959a91dc47ca889bdc97a09096a064ced065421de7ef5a7965d227f8a,BIBLIOTECA MUNICIPAL DE HUATA,BIBLIOTECA PÚBLICA,ÁNCASH,HUAYLAS,HUATA,MUNICIPALIDAD DISTRITAL DE HUATA,493,Exportar Hoja de Trabajo,297
f4196d616d176356ae05efd6aa5d128e8323661d5c3e068be9f15d9291b5e5bd,BIBLIOTECA MUNICIPAL MALA,BIBLIOTECA PÚBLICA,LIMA,CAÑETE,MALA,MUNICIPALIDAD DISTRITAL DE MALA,287,Exportar Hoja de Trabajo,298
68763aa781e8dc4b92a1f40240dc3213025b3001006ef9a6d13ee625308efe5a,BIBLIOTECA MUNICIPAL DE PAUCARTAMBO,BIBLIOTECA PÚBLICA,PASCO,PASCO,PAUCARTAMBO,MUNICIPALIDAD DISTRITAL DE PAUCARTAMBO,364,Exportar Hoja de Trabajo,299
b6793a10b457fa45a248440fc1a6ce5e17e38c6f897214268ca9a5bd87f4729a,BIBLIOTECA MUNICIPAL DE HUAMALÍES,BIBLIOTECA PÚBLICA,HUÁNUCO,HUAMALÍES,LLATA,MUNICIPALIDAD PROVINCIAL DE HUAMALIES,177,Exportar Hoja de Trabajo,300
0a9f919755d37e428bb784b085bca22e19be31566d715d506b247f3ef1d7e69d,BIBLIOTECA MUNICIPAL DEL DISTRITO DE RANRACANCHA,BIBLIOTECA PÚBLICA,APURÍMAC,CHINCHEROS,RANRACANCHA,MUNICIPALIDAD DISTRITAL DE RANRACANCHA,41,Exportar Hoja de Trabajo,301
c67af44ea171e1f5f669ba80b6108cca53a5d09a1236ae36b6a581539e0d5d6f,"BIBLIOTECA MUNICIPAL SARÍN ""ABELARDO GAMARRA RONDO""",BIBLIOTECA PÚBLICA,LA LIBERTAD,SÁNCHEZ CARRIÓN,SARIN,MUNICIPALIDAD DISTRITAL DE SARIN,248,Exportar Hoja de Trabajo,302
b1e1425d97d8bbccaafa7034176469ec95e215dcd946a01a28e75efb8f0ad1ec,BIBLIOTECA MUNICIPAL DE ATALAYA,BIBLIOTECA PÚBLICA,UCAYALI,ATALAYA,RAYMONDI,MUNICIPALIDAD PROVINCIAL DE ATALAYA,463,Exportar Hoja de Trabajo,303
420cf24a82c1f57cc5cb6a45ab93f189f49649fd8c3451897d95e1215311afa9,BIBLIOTECA MUNICIPAL DE OCOBAMBA,BIBLIOTECA PÚBLICA,APURÍMAC,CHINCHEROS,OCOBAMBA,MUNICIPALIDAD DISTRITAL DE OCOBAMBA,39,Exportar Hoja de Trabajo,304
54fcaeba04e6483f27f3d2f959cb8aad67dbf9cb72d2e337700448a028d9e954,RICARDO PALMA,BIBLIOTECA PÚBLICA,ÁNCASH,SANTA,SANTA,MUNICIPALIDAD DISTRITAL DE SANTA,507,Exportar Hoja de Trabajo,305
8b23113273b27a1f64cf093c84faf73705dbf58bee48af4a76c16e818c8fc467,BIBLIOTECA MUNICIPAL LUIS ALBERTO SÁNCHEZS,BIBLIOTECA PÚBLICA,LAMBAYEQUE,CHICLAYO,LA VICTORIA,MUNICIPALIDAD DISTRITAL DE LA VICTORIA,260,Exportar Hoja de Trabajo,306
47f6356c56aceff9ce92d7fdf9bf22ba4181a754bc844bf4d626fdf32e04d37b,BIBLIOTECA MUNICIPAL DE SAN ANTONIO DE CACHI,BIBLIOTECA PÚBLICA,APURÍMAC,ANDAHUAYLAS,SAN ANTONIO DE CACHI,MUNICIPALIDAD DISTRITAL SAN ANTONIO DE CACHI,18,Exportar Hoja de Trabajo,307
5b9ecbf4fd77ba4dd47987ce55a9d81ea7ddb888bd09339dd2d2412719eb9aeb,BIBLIOTECA MUNICIPAL DE CHUMBIVILCAS,BIBLIOTECA PÚBLICA,CUSCO,CHUMBIVILCAS,SANTO TOMAS,MUNICIPALIDAD PROVINCIAL DE CHUMBIVILCAS,136,Exportar Hoja de Trabajo,308
2edc7faa72b5135cbcbd9c50961906eb2114287f91e7dc4805ba879bdb37a803,BIBLIOTECA MUNICIPAL DE LAMAY,BIBLIOTECA PÚBLICA,CUSCO,CALCA,LAMAY,MUNICIPALIDAD DISTRITAL DE LAMAY,129,Exportar Hoja de Trabajo,309
084fcf9405fa9ef3ba1e8e8e9ceb7d2102a7c28202d54ab12b7e06e0d20584d0,BIBLIOTECA MUNICIPAL DE YAULI,BIBLIOTECA PÚBLICA,HUANCAVELICA,HUANCAVELICA,YAULI,MUNICIPALIDAD DISTRITAL DE YAULI,170,Exportar Hoja de Trabajo,310
ae2a30a7b95dd7716cfe0169ae8246c7c5d4d655a121655271c5121f380cfd47,BIBLIOTECA MUNICIPAL SAN MIGUEL DE EL FAIQUE,BIBLIOTECA PÚBLICA,PIURA,HUANCABAMBA,SAN MIGUEL DE EL FAIQUE,MUNICIPAL.DISTRI.SAN MIGUEL DE EL FAIQUE,373,Exportar Hoja de Trabajo,311
69d8cda5c335d8c7677f24b6da7f96a747087d6b3104ca2c4db593ed28d7489e,BIBLIOTECA MUNICIPAL FRANCISCO PÉREZ DE LEZCANO,BIBLIOTECA PÚBLICA,LA LIBERTAD,PACASMAYO,GUADALUPE,MUNICIPALIDAD DISTRITAL DE GUADALUPE,239,Exportar Hoja de Trabajo,312
a1d2d6ef9883c75821830151d889090e48850e0f7bc902d5df9686226b0751b7,BIBLIOTECA MUNICIPAL DE JULCÁN,BIBLIOTECA PÚBLICA,LA LIBERTAD,JULCÁN,JULCAN,MUNICIPALIDAD PROVINCIAL DE JULCAN,236,Exportar Hoja de Trabajo,313
a9bdd06e33c42e658da940f41ce0bc5842ed74bc12e594dea1374edaea306f1f,BIBLIOTECA MUNICIPAL WILDA ROSA FALCÓN ALEGRÍA DE CÁRDENAS,BIBLIOTECA PÚBLICA,LA LIBERTAD,ASCOPE,SANTIAGO DE CAO,MUNICIPALIDAD DISTRITAL DE SANTIAGO DE C,232,Exportar Hoja de Trabajo,314
22baa7f7c40fda9bb767b7acfba995661299c020f0ea8bbd2b8d33e163e713c9,BIBLIOTECA MUNICIPAL DE SAN JERÓNIMO,BIBLIOTECA PÚBLICA,APURÍMAC,ANDAHUAYLAS,SAN JERONIMO,MUNICIPALIDAD DISTRITAL DE SAN JERONIMO,19,Exportar Hoja de Trabajo,315
57837a1ea3cc81ed8dce66cf2aba60b74ba1af55edb5e7b63d04cb764b6862a6,BIBLIOTECA MUNICIPAL EMILIANO NIÑO PASTOR,BIBLIOTECA PÚBLICA,LAMBAYEQUE,LAMBAYEQUE,LAMBAYEQUE,MUNICIPALIDAD PROVINCIAL DE LAMBAYEQUE,271,Exportar Hoja de Trabajo,316
907234cd5b83354547b6579ae16ae5f9693fde533c15e43e6457418b574fff39,BIBLIOTECA MUNICIPAL DE CANCHIS - SICUANI,BIBLIOTECA PÚBLICA,CUSCO,CANCHIS,SICUANI,MUNICIPALIDAD PROVINCIAL DE CANCHIS,134,Exportar Hoja de Trabajo,317
84c4ab023c0b547891b57b8d337bda1b4915a2b8f0f9015fe0a223b3bebb5db6,BIBLIOTECA MUNICIPAL INFANTIL CARLOTA CLARA CARVALLO WALLSTEIN,BIBLIOTECA PÚBLICA,LIMA,LIMA,LINCE,MUNICIPALIDAD DISTRITAL DE LINCE,314,Exportar Hoja de Trabajo,318
8c80b2661aa2c1a8eae4968cbd7a0fcc7fa1448ae7e496787fee078ebadf835e,BIBLIOTECA PÚBLICA RICARDO PALMA  - LLICUAR,BIBLIOTECA PÚBLICA,PIURA,SECHURA,RINCONADA LLICUAR,MUNICIPALIDAD MUNICIPAL DIST RINCONADA LLICUAR,394,Exportar Hoja de Trabajo,319
fb7303fffdb179e7245e71bc9f209813b244a85d8733cca404684f51811b8dfc,BIBLIOTECA MUNICIPAL SANTA ROSA,BIBLIOTECA PÚBLICA,APURÍMAC,GRAU,SANTA ROSA,MUNICIPALIDAD DISTRITAL DE SANTA ROSA,51,Exportar Hoja de Trabajo,320
6359a3e0f4b34cc72a3120a2e853790f0b56d6bfcdcfb51ccd8d31f94c284538,BIBLIOTECA MUNICIPAL DE CHACOCHE,BIBLIOTECA PÚBLICA,APURÍMAC,ABANCAY,CHACOCHE,MUNICIPALIDAD DISTRITAL DE CHACOCHE,13,Exportar Hoja de Trabajo,321
15273e25ad33acee1a13257a9775f5108b91e4592ce7a2f0acdb442369dfba71,BIBLIOTECA MUNICIPAL,BIBLIOTECA PÚBLICA,APURÍMAC,CHINCHEROS,ONGOY,MUNICIPALIDAD DISTRITAL DE ONGOY,40,Exportar Hoja de Trabajo,322
ddc3c1e85db5949cc5ab77f0de73af8294b0043c7f36a1f9a126f750f16b5004,"BIBLIOTECA ESCOLAR MUNICIPAL ""PEDRO ARNAU QUISPE""",BIBLIOTECA PÚBLICA,APURÍMAC,GRAU,VIRUNDO,MUNICIPALIDAD DISTRITAL DE VIRUNDO,52,Exportar Hoja de Trabajo,323
ca5d7e74a05a6273c2f8bebe8e65593ebe2d29013b522a97ac956e6f910b7d67,BIBLIOTECA MUNICIPAL VICHAMA,BIBLIOTECA PÚBLICA,LIMA,HUAURA,VEGUETA,MUNICIPALIDAD DISTRITAL DE VEGUETA,299,Exportar Hoja de Trabajo,324
408ed7e511dc9f3082586a09427c0ff7071fefdefb8e3f72c3b3344819558602,BIBLIOTECA MUNICIPAL DE PALCA,BIBLIOTECA PÚBLICA,HUANCAVELICA,HUANCAVELICA,PALCA,MUNICIPALIDAD DISTRITAL DE PALCA,169,Exportar Hoja de Trabajo,325
8fde20bb69402fba19c8f71e3edbc1040e6d9d0e30a9f63fb692a0535e076ac5,"BIBLIOTECA MUNICIPAL: ""ALBERTO A. CHUMBIPUMA ASTUPUMA"" SANGALLAYA",BIBLIOTECA PÚBLICA,LIMA,HUAROCHIRÍ,SANGALLAYA,MUNICIPALIDAD DISTRITAL SANGALLAYA,296,Exportar Hoja de Trabajo,326
2190818fa735a486976dff15b5008a5fa5dd2e734177fea4f2c477a4a9d75c44,BIBLIOTECA MUNICIPAL HUAYLLATI,BIBLIOTECA PÚBLICA,APURÍMAC,GRAU,HUAYLLATI,MUNICIPALIDAD DISTRITAL DE HUAYLLATI,49,Exportar Hoja de Trabajo,327
fbaddc91dbf1d67e1d1bedce6371d770927a711abac5412c3a5a29b8cd07ca6d,BIBLIOTECA MUNICIPAL DE CHINCHEROS,BIBLIOTECA PÚBLICA,APURÍMAC,CHINCHEROS,CHINCHEROS,MUNICIPALIDAD PROVINCIAL DE CHINCHEROS,38,Exportar Hoja de Trabajo,328
06c7b6261d2ca387b443021256f5f1f75d94d25a46b8d914fa81165f48673191,BIBLIOTECA MUNICIPAL DE JEBEROS,BIBLIOTECA PÚBLICA,LORETO,ALTO AMAZONAS,JEBEROS,MUNICIPALIDAD DISTRITAL DE JEBEROS,337,Exportar Hoja de Trabajo,329
0c65d9a2046014d1e0508b3230f280154a0140b492a197c544eca0875088f3e6,"BIBLIOTECA MUNICIPAL ""NEMESIO CANELO PEREZ""",BIBLIOTECA PÚBLICA,LAMBAYEQUE,CHICLAYO,PIMENTEL,MUNICIPALIDAD DISTRITAL DE PIMENTEL,265,Exportar Hoja de Trabajo,330
4a7849e2c75744980ba16f10c18fca54a21507d7c7188d2f45bc57dc048d44b5,BIBLIOTECA MUNICIPAL SANTO TOMÁS DE PATA,BIBLIOTECA PÚBLICA,HUANCAVELICA,ANGARAES,SANTO TOMAS DE PATA,MUNICIPALIDAD DISTRITAL DE SANTO TOMAS DE PATA,158,Exportar Hoja de Trabajo,331
4454bb0832af44bf4c2f32f830eb1258ace703c1b9d4966a4139a8344bae9778,BIBLIOTECA MUNICIPAL TANTARÁ,BIBLIOTECA PÚBLICA,HUANCAVELICA,CASTROVIRREYNA,TANTARA,MUNICIPALIDAD DISTRITAL DE TANTARA,161,Exportar Hoja de Trabajo,332
2b35dd08542d4cf4cbb7d5a5786bee90dff785689afe1672a9f87348b24c9917,BIBLIOTECA MUNICIPAL DE OYÓN,BIBLIOTECA PÚBLICA,LIMA,OYÓN,OYON,MUNICIPALIDAD PROVINCIAL DE OYON,333,Exportar Hoja de Trabajo,333
3f50ddc95bb91ae05b8eb94b008a96dd78ef91b4da360ee102ae9c2065062987,BIBLIOTECA MUNICIPAL RICARDO PALMA,BIBLIOTECA PÚBLICA,JUNÍN,YAULI,YAULI,MUNICIPALIDAD DISTRITAL DE YAULI,230,Exportar Hoja de Trabajo,334
f509b58eb4f61e16d22f6d76b086115e838d5849c1589b89933f56960040d0af,BIBLIOTECA MUNICIPAL DE PILCOMAYO,BIBLIOTECA PÚBLICA,JUNÍN,HUANCAYO,PILCOMAYO,MUNICIPALIDAD DISTRITAL DE PILCOMAYO,216,Exportar Hoja de Trabajo,335
a0c4beb49186739ab8afb1ea49fa7555f4a0e54e76c5634f4bdcfb8b392124ff,BIBLIOTECA MUNICIPAL DE SUPE PUERTO,BIBLIOTECA PÚBLICA,LIMA,BARRANCA,SUPE PUERTO,MUNICIPALIDAD DISTRITAL DE SUPE PUERTO,280,Exportar Hoja de Trabajo,336
b4166fa3a31e6c2be1d8f9b779532bb681443806d3e7f0ae46978b43208a24db,"BIBLIOTECA PÚBLICA ""M. HERMINIO CISNEROS Z.""",BIBLIOTECA PÚBLICA,ÁNCASH,PALLASCA,PALLASCA,MUNICIPALIDAD DISTRITAL DE PALLASCA,500,Exportar Hoja de Trabajo,337
8d2dc8ef1160685a5beffdb7bb11ecdd210de33ace121f8b736913d1ff6f54a3,BIBLIOTECA MUNICIPAL OMAS,BIBLIOTECA PÚBLICA,LIMA,YAUYOS,OMAS,MUNICIPALIDAD DISTRITAL DE OMAS,334,Exportar Hoja de Trabajo,338
da4a65375e4e1f0e7005e11dd3cf36d9654583e13a11888c976e5d0566d78ea8,BIBLIOTECA MUNICIPAL  RICARDO PALMA DEL DISTRITO DE PAMPAS DE HOSPITAL,BIBLIOTECA PÚBLICA,TUMBES,TUMBES,PAMPAS DE HOSPITAL,MUNICIPALIDAD DISTRITAL DE PAMPAS DE HOS,459,Exportar Hoja de Trabajo,339
8dcaf2365aa328a64a59742619794f06df16f614ba56fd142624ee16259dee5f,BIBLIOTECA MUNICIPAL - DISTRITO DE COLCABAMBA (AYMARAES),BIBLIOTECA PÚBLICA,APURÍMAC,AYMARAES,COLCABAMBA,MUNICIPALIDAD DISTRITAL DE COLCABAMBA,27,Exportar Hoja de Trabajo,340
44ea0f312acca95d42c0010e1987017aa80a3451e886e1a75c3ffd3c8706424f,BIBLIOTECA MUNICIPAL ISCOZACIN – PALCAZU,BIBLIOTECA PÚBLICA,PASCO,OXAPAMPA,PALCAZU,MUNICIPALIDAD DISTRITAL PALCAZU,359,Exportar Hoja de Trabajo,341
4190860cc3b9a656eef52595395d969a4f3c62477990ba0d6619c1f59a5d4bff,BIBLIOTECA MUNICIPAL DE LOBITOS,BIBLIOTECA PÚBLICA,PIURA,TALARA,LOBITOS,MUNICIPALIDAD DISTRITAL DE LOBITOS,405,Exportar Hoja de Trabajo,342
83852f310fb1eed0f3d2c38953e6163b0dacf8c775ec69d800364dd2bd808bc2,"BIBLIOTECA MUNICIPAL ""GRUPO ALMA""",BIBLIOTECA PÚBLICA,HUANCAVELICA,ANGARAES,JULCAMARCA,MUNICIPALIDAD DISTRITAL DE JULCAMARCA,156,Exportar Hoja de Trabajo,343
b3aac895688171a5f92c0dd0b49830eca0a6935f663185f08327276e1e321505,BIBLIOTECA MUNICIPAL OROPESA,BIBLIOTECA PÚBLICA,APURÍMAC,ANTABAMBA,OROPESA,MUNICIPALIDAD DISTRITAL DE OROPESA,23,Exportar Hoja de Trabajo,344
df293aed0c8876d24094e3a89cd395ea210518277c9ef93a6e3803a8ae0ba3ba,BIBLIOTECA MUNICIPAL DE SAN ANTONIO,BIBLIOTECA PÚBLICA,APURÍMAC,GRAU,SAN ANTONIO,MUNICIPALIDAD DISTRITAL DE SAN ANTONIO,50,Exportar Hoja de Trabajo,345
d010cfd1157a2a2a116c4ad8b4a92b720a3620790cf351ee385397ca7f66089b,BIBLIOTECA MUNICIPAL ANDRES FERNANDEZ ARROYO,BIBLIOTECA PÚBLICA,CUSCO,QUISPICANCHI,OROPESA,MUNICIPALIDAD DISTRITAL DE OROPESA,151,Exportar Hoja de Trabajo,346
77569e0fa80bb9e20749b25f1a6825ffb392a849efd3ace5649abc66a5c8dbe8,"BIBLIOTECA ""EUSEBIO ACOSTA""",BIBLIOTECA PÚBLICA,ÁNCASH,HUAYLAS,HUAYLAS,MUNICIPALIDAD DISTRITAL DE HUAYLAS,494,Exportar Hoja de Trabajo,347
43ca3fc38b9483c7c510134e011ef5e5db290688519b403c5ebbc8408c990782,BIBLIOTECA COMUNAL HAQUIRA,BIBLIOTECA PÚBLICA,APURÍMAC,COTABAMBAS,HAQUIRA,MUNICIPALIDAD DISTRITAL DE HAQUIRA,44,Exportar Hoja de Trabajo,348
c633b71ea00302b5d406a2ba0c4241e53937eaab0d77841bb920db4dcd66d1b6,BIBLIOTECA MUNICIPAL GAMARRA,BIBLIOTECA PÚBLICA,APURÍMAC,GRAU,GAMARRA,MUNICIPALIDAD DISTRITAL DE MARISCAL GAMARRA,48,Exportar Hoja de Trabajo,349
7d76d50f57a18141d424d3ae4f6c18c401cc1ebe191653b05b2935a0f1f4ad1f,BIBLIOTECA MUNICIPAL RAMOS ALVA,BIBLIOTECA PÚBLICA,ÁNCASH,BOLOGNESI,CHIQUIAN,MUNICIPALIDAD PROVINCIAL DE BOLOGNESI,474,Exportar Hoja de Trabajo,350
abaa8458ab661d355e772ae0691d5598faaff6eeccdde55ee3ae3503a72aff3a,BIBLIOTECA MUNICIPAL DE PALLPATA,BIBLIOTECA PÚBLICA,CUSCO,ESPINAR,PALLPATA,MUNICIPALIDAD DISTRITAL DE PALLPATA,144,Exportar Hoja de Trabajo,351
c8935161f2e08a98531d4af4c592c497b8f63ede4cb9a4b9967f65de6fc4e072,BIBLIOTECA MUNICIPAL COCHAPETI,BIBLIOTECA PÚBLICA,ÁNCASH,HUARMEY,COCHAPETI,MUNICIPALIDAD DISTRITAL DE COCHAPETI,490,Exportar Hoja de Trabajo,352
23f7654635646ee28241c1376f47155e509ac4fe9a0578dc6ff0a573c32124e9,BIBLIOTECA DE LA MUNICIPALIDAD DE CHAZUTA,BIBLIOTECA PÚBLICA,SAN MARTÍN,SAN MARTÍN,CHAZUTA,MUNICIPALIDAD DISTRITAL DE CHAZUTA,445,Exportar Hoja de Trabajo,353
064ebbe5490bef96a484ef87abaeb6aabf53940381e0ab29a819c1a6d7ec63df,BIBLIOTECA MUNICIPAL DE MAJES,BIBLIOTECA PÚBLICA,AREQUIPA,CAYLLOMA,MAJES,MUNICIPALIDAD DISTRITAL DE MAJES,70,Exportar Hoja de Trabajo,354
97de1fd1b4b98de2c7ed5b5af56b2f5d835a6b1fa960d6bf66cf4dabf4cca965,BIBLIOTECA PÚBLICA DE CHAPIMARCA,BIBLIOTECA PÚBLICA,APURÍMAC,AYMARAES,CHAPIMARCA,MUNICIPALIDAD DISTRITAL DE CHAPIMARCA,26,Exportar Hoja de Trabajo,355
7c116f80cd2f60e8f88d1b3c40d522c56f3e76d3d1f86f033bdec93007e3f8d7,BIBLIOTECA MUNICIPAL DE MOCHUMÍ,BIBLIOTECA PÚBLICA,LAMBAYEQUE,LAMBAYEQUE,MOCHUMI,MUNICIPALIDAD DISTRITAL DE MOCHUMI,272,Exportar Hoja de Trabajo,356
bf73a152612b69d138ad6e5b6184d6881cf291fc030b1a5be6ca46acfa3a04de,BIBLIOTECA MUNICIPAL DE TORAYA,BIBLIOTECA PÚBLICA,APURÍMAC,AYMARAES,TORAYA,MUNICIPALIDAD DISTRITAL DE TORAYA,35,Exportar Hoja de Trabajo,357
bba432db2c0d38c76b0ba2575f679e08f0a6a5184ab162730428ab3eb94e7078,BIBLIOTECA DE LA MUNICIPALIDAD DE SABAINO,BIBLIOTECA PÚBLICA,APURÍMAC,ANTABAMBA,SABAINO,MUNICIPALIDAD DISTRITAL DE SABAINO,24,Exportar Hoja de Trabajo,358
cc1ebb63bebd7e4f27be82b53817600edd0e57e154bb310c3f29f9ec112a044e,BIBLIOTECA MUNICIPAL DE SAN PEDRO DE CASTA,BIBLIOTECA PÚBLICA,LIMA,HUAROCHIRÍ,SAN PEDRO DE CASTA,MUNICIPALIDAD DISTRITAL DE SAN PEDRO DE CASTA,295,Exportar Hoja de Trabajo,359
bc614fc08fc6c2328fc0f7832c6845c6e43c5e2eea48e9b98f0ee2e437b98395,BIBLIOTECA MUNICIPAL COLCA LLAQTA,BIBLIOTECA PÚBLICA,AREQUIPA,CAYLLOMA,CHIVAY,MUNICIPALIDAD PROVINCIAL DE CAYLLOMA,69,Exportar Hoja de Trabajo,360
be4f66229a79239190d76abb81497a66094e32debbb48d680d279efafc871697,"BIBLIOTECA DE ACARI ""SEBASTIÁN BARRANCA""",BIBLIOTECA PÚBLICA,AREQUIPA,CARAVELÍ,ACARI,MUNICIPALIDAD DISTRITAL DE ACARI,64,Exportar Hoja de Trabajo,361
2c244ff591e0462effe0016b408dc6ad2907560df2e38f4c895269649e4d6521,BIBLIOTECA MUNICIPAL DE CAYMA,BIBLIOTECA PÚBLICA,AREQUIPA,AREQUIPA,CAYMA,MUNICIPALIDAD DISTRITAL DE CAYMA,54,Exportar Hoja de Trabajo,362
d2c128fe53deb8547a335914962bee721f371e835be19179bd09c019d32b1d11,BIBLIOTECA MUNICIPAL LAURA RIESCO,BIBLIOTECA PÚBLICA,JUNÍN,YAULI,LA OROYA,MUNICIPALIDAD PROV. DE YAULI LA OROYA,228,Exportar Hoja de Trabajo,363
8a4c7a797bd3dd4e9ad91d62cdaf7e8c06860171b382d53ad36126595f14b668,BIBLIOTECA MUNICIPAL DE ANCO HUALLO,BIBLIOTECA PÚBLICA,APURÍMAC,CHINCHEROS,ANCO-HUALLO,MUNICIPALIDAD DISTRITAL DE ANCO HUALLO,37,Exportar Hoja de Trabajo,364
a77b4bb5df5232f32aef903d5679a1b55b300755bc1728f588d469e7c55e8553,"""ROSA SIME CONTRERAS""",BIBLIOTECA PÚBLICA,LAMBAYEQUE,LAMBAYEQUE,PACORA,MUNICIPALIDAD DISTRITAL DE PACORA,275,Exportar Hoja de Trabajo,365
fa7405f050efe990f652d220d8817e6f63a73bbefff1b272f5888101881bdd26,BIBLIOTECA PÚBLICA MUNICIPAL MIGUEL CHECA,BIBLIOTECA PÚBLICA,PIURA,SULLANA,MIGUEL CHECA,MUNICIPALIDAD DISTRITAL MIGUEL CHECA,400,Exportar Hoja de Trabajo,366
97fba75499651a8b1961e2c1b57df2c1c7582db54efd94d04c4f5edb846bb93f,BIBLIOTECA MUNICIPAL DE CHUQUIBAMBILLA - GRAU,BIBLIOTECA PÚBLICA,APURÍMAC,GRAU,CHUQUIBAMBILLA,MUNICIPALIDAD PROVINCIAL DE GRAU,46,Exportar Hoja de Trabajo,367
be6cb4e18e4c81e1d3e963117f8fa1d999ce93676574628f82b22abea91d1cef,BIBLIOTECA MUNICIPAL DE SAN MARTÍN,BIBLIOTECA PÚBLICA,SAN MARTÍN,EL DORADO,SAN MARTIN,MUNICIPALIDAD DISTRITAL DE SAN MARTIN DE,433,Exportar Hoja de Trabajo,368
fcddc46dc7fe17fafb6ac7af9bbda669c1aedf38f09ac7035d31bc2475c0ec44,BIBLIOTECA MUNICIPAL DE PALCAMAYO,BIBLIOTECA PÚBLICA,JUNÍN,TARMA,PALCAMAYO,MUNICIPALIDAD DISTRITAL PALCAMAYO,226,Exportar Hoja de Trabajo,369
bca838eaf76b398c2cdb0a188f4a1c7d53fec03e899bb66139637b870d80f007,BIBLIOTECA MUNICIPAL DE MANTA,BIBLIOTECA PÚBLICA,HUANCAVELICA,HUANCAVELICA,MANTA,MUNICIPALIDAD DISTRITAL DE MANTA,168,Exportar Hoja de Trabajo,370
c8e34bd00fdd46d16d04f5ed393c519733d96a507675b03ce8db611f789b31d5,"BIBLIOTECA MUNICIPAL ""JAVIER DÁVILA PORTOCARRERO""",BIBLIOTECA PÚBLICA,APURÍMAC,ANTABAMBA,JUAN ESPINOZA MEDRANO,MUNICIPALIDAD DISTRITAL JUAN ESPINOZA MEDRANO,22,Exportar Hoja de Trabajo,371
e382ac9ff30a2ac6d92fce5b369637c98e99ce533e56acf588428f405055bfb0,BIBLIOTECA MUNICIPAL DE POCOHUANCA,BIBLIOTECA PÚBLICA,APURÍMAC,AYMARAES,POCOHUANCA,MUNICIPALIDAD DISTRITAL POCOHUANCA,31,Exportar Hoja de Trabajo,372
462cc3ac93d0b409c591bb51c36e13ac9c165cd006903b0a45abf67131363b81,BIBLIOTECA MUNICIPAL DE UTCUBAMBA,BIBLIOTECA PÚBLICA,AMAZONAS,UTCUBAMBA,BAGUA GRANDE,MUNICIPALIDAD PROVINCIAL DE UTCUBAMBA,11,Exportar Hoja de Trabajo,373
31665e29e139f1c16d59f12b2efe1a326a5da86f0130b8d66c678f7fed0bc96a,BIBLIOTECA MUNICIPAL DE YUNGUYO,BIBLIOTECA PÚBLICA,PUNO,YUNGUYO,YUNGUYO,MUNICIPALIDAD PROVINCIAL DE YUNGUYO,430,Exportar Hoja de Trabajo,374
39f275dc10c2df6681515d7279168019ce4592aba47c2712103e63ac2c7b6792,BIBLIOTECA MUNICIPAL SANTA ROSA,BIBLIOTECA PÚBLICA,AYACUCHO,LA MAR,SANTA ROSA,MUNICIPALIDAD  DISTRITAL DE SANTA ROSA,88,Exportar Hoja de Trabajo,375
91e5b0a6e460af5599110e79a8755850751fb5319fd630655f252209f4574ec5,BIBLIOTECA MUNICIPAL DE CAJAY,BIBLIOTECA PÚBLICA,ÁNCASH,HUARI,CAJAY,MUNICIPALIDAD DISTRITAL DE CAJAY,486,Exportar Hoja de Trabajo,376
b7c35862a802a0c7a4a6f7baff7088b456dcda972613227ebaa0e5ef03dfe3fd,BIBLIOTECA MUNICIPAL CURASCO,BIBLIOTECA PÚBLICA,APURÍMAC,GRAU,CURASCO,MUNICIPALIDAD DISTRITAL DE CURASCO,47,Exportar Hoja de Trabajo,377
cc5f21f50cce40ed77d3bd7789aceb3385a33e3df3d32e6af22511b22d48452a,BIBLIOTECA MUNICIPAL DE CHUCUITO JULI,BIBLIOTECA PÚBLICA,PUNO,CHUCUITO,JULI,MUNICIPALIDAD PROVINCIAL CHUCUITO,413,Exportar Hoja de Trabajo,378
a88ef6b6c7fc42489c3e999d1bc81c64344c3711049148fb8f5919aa9793cf85,BIBLIOTECA MUNICIPAL DE TINTAY,BIBLIOTECA PÚBLICA,APURÍMAC,AYMARAES,TINTAY,MUNICIPALIDAD DISTRITAL DE TINTAY,34,Exportar Hoja de Trabajo,379
506c881a928de141a9b017965644b9fc42ec612cfd617c0997a08c7b06e79887,BIBLIOTECA MUNICIPAL DE MOROCOCHA,BIBLIOTECA PÚBLICA,JUNÍN,YAULI,MOROCOCHA,MUNICIPALIDADDISTRITAL DE MOROCOCHA,229,Exportar Hoja de Trabajo,380
4faa65e384ac56410d0b15435f5bc7d4e1f72a1423f9c2cf5886cbd8db346695,BIBLIOTECA MUNICIPAL DE URANMARCA,BIBLIOTECA PÚBLICA,APURÍMAC,CHINCHEROS,URANMARCA,MUNICIPALIDAD DISTRITAL DE URANMARCA,42,Exportar Hoja de Trabajo,381
5bbacbf983da5427a91cfab422725c6b8489beeb2eaa57a918731da130197ca0,BIBLIOTECA MUNICIPALDE SAN BUENAVENTURA,BIBLIOTECA PÚBLICA,LIMA,CANTA,SAN BUENAVENTURA,MUNICIPALIDAD DIST SAN BUENAVENTURA,284,Exportar Hoja de Trabajo,382
a0ef67862c5311efef1de087d5e23270e6eb4ab0b0e44cf298608d95e10dd77a,BIBLIOTECA MUNICIPAL DE CAJATAMBO,BIBLIOTECA PÚBLICA,LIMA,CAJATAMBO,CAJATAMBO,MUNICIPALIDAD PROVINCIAL DE CAJATAMBO,281,Exportar Hoja de Trabajo,383
9e5aa5264b7f77a6264e9a60fb461921120bcf59b8fcbd4b512d6f7474ac4335,BIBLIOTECA MUNICIPAL DISTRITAL DE ANDARAPA,BIBLIOTECA PÚBLICA,APURÍMAC,ANDAHUAYLAS,ANDARAPA,MUNICIPALIDAD DISTRITAL DE ANDARAPA,16,Exportar Hoja de Trabajo,384
67fb8ffa100d3b6b62de655bef905baae8fc8457f3a6a41f1a6a0298ed0ef577,BIBLIOTECA MUNICIPAL DE REQUE,BIBLIOTECA PÚBLICA,LAMBAYEQUE,CHICLAYO,REQUE,MUNICIPALIDAD DISTRITAL DE REQUE,266,Exportar Hoja de Trabajo,385
89ee8cc925a71f60327ce3a9362fc6592aa905e1f2d7dd3b898096ef324782d2,BIBLIOTECA MUNICIPAL DE COTAHUASI - LA UNIÓN,BIBLIOTECA PÚBLICA,AREQUIPA,LA UNIÓN,COTAHUASI,MUNICIPALIDAD PROVINCIAL DE LA UNION,74,Exportar Hoja de Trabajo,386
1b15a7962144f6a051a7e171ba17a16023e944a10b59299f2bc0327a76341ac3,BIBLIOTECA MUNICIPAL DE ZARUMILLA,BIBLIOTECA PÚBLICA,TUMBES,ZARUMILLA,ZARUMILLA,MUNICIPALIDAD PROVINCIAL ZARUMILLA,462,Exportar Hoja de Trabajo,387
b23df3cba908ce60d3ef1e8dab1b36562ad288fb32088d15d05adfaa4775e956,"BIBLIOTECA MUNICIPAL ""JUAN MEJÍA BACA""",BIBLIOTECA PÚBLICA,LAMBAYEQUE,CHICLAYO,ETEN PUERTO,MUNICIPALIDAD DISTRITAL DEL PUERTO ETEN,259,Exportar Hoja de Trabajo,388
30fa81d005a6849c27a7de269d28653124893259e95926be51cb42a9ca21ccf1,BIBLIOTECA MUNICIPAL DE LA CONVENCIÓN,BIBLIOTECA PÚBLICA,CUSCO,LA CONVENCIÓN,SANTA ANA,MUNICIPALIDAD PROVINCIAL LA CONVENCIÓN,146,Exportar Hoja de Trabajo,389
11de19c89b446c2e94581df0731045c1e1e78c8f16cf3e6cd16a68179a67cbc2,BIBLIOTECA MUNICIPAL DE YANACA,BIBLIOTECA PÚBLICA,APURÍMAC,AYMARAES,YANACA,MUNICIPALIDAD DISTRITAL DE YANACA,36,Exportar Hoja de Trabajo,390
56cb8ccdb5639323b2f3694bf302b71052c2aaf48e2bbe8187d007cf31b2a2ac,BIBLIOTECA MUNICIPAL DE CAPAYA,BIBLIOTECA PÚBLICA,APURÍMAC,AYMARAES,CAPAYA,MUNICIPALIDAD DISTRITAL DE CAPAYA,25,Exportar Hoja de Trabajo,391
91771a225f451b5bada56d5c221b776fb49a0e363fece572c1bcc2632d31c451,BIBLIOTECA DE LA MUNICIPALIDAD PROVINCIAL DE CONDESUYOS - CHUQUIBAMBA,BIBLIOTECA PÚBLICA,AREQUIPA,CONDESUYOS,CHUQUIBAMBA,MUNICIPALIDAD PROVINCIAL DE CONDESUYOS,71,Exportar Hoja de Trabajo,392
80f49d73a07b80750068855aef230ad7633e44b0d5fe8b3f6c4d039040703175,BIBLIOTECA MUNICIPAL EL CENEPA,BIBLIOTECA PÚBLICA,AMAZONAS,CONDORCANQUI,EL CENEPA,MUNICIPALIDAD DISTRITAL CENEPA,5,Exportar Hoja de Trabajo,393
9371459a532b739cd735a23dec5b8ab6dd17895bb99f9c674df72b4ac53927af,BIBLIOTECA MUNICIPAL LURICOCHA,BIBLIOTECA PÚBLICA,AYACUCHO,HUANTA,LURICOCHA,MUNICIPALIDAD DISTRITAL DE LURICOCHA,84,Exportar Hoja de Trabajo,394
17c1691075ce207fb5349c36fe9c849ac219c0b81153be54bd2fa45e10731bbb,BIBLIOTECA MUNICIPAL DE SOCOS,BIBLIOTECA PÚBLICA,AYACUCHO,HUAMANGA,SOCOS,MUNICIPALIDAD DISTRITAL DE SOCOS,80,Exportar Hoja de Trabajo,395
2e81ffea0ef5f075fa81432ec4c362329cd39dc298711a74a046d4b2565030af,BIBLIOTECA DE SALAS GUADALUPE,BIBLIOTECA PÚBLICA,ICA,ICA,SALAS,MUNICIPALIDAD DISTRITAL DE SALAS ICA,202,Exportar Hoja de Trabajo,396
10d04b1524d4a87a8f6bfe5662e778a0a235104360c869bb1031396440d5002e,BIBLIOTECA MUNICIPAL MARIO VARGAS LLOSA,BIBLIOTECA PÚBLICA,LAMBAYEQUE,CHICLAYO,PICSI,MUNICIPALIDAD DISTRITAL DE PICSI,264,Exportar Hoja de Trabajo,397
9254d1c03f28624376ec4856c85e0d3b7d166f39134993bf517e01802ca82d88,"BIBLIOTECA PÚBLICA MUNICIPAL ""CÉSAR VALLEJO""",BIBLIOTECA PÚBLICA,PIURA,PAITA,LA HUACA,MUNICIPALIDAD DISTRITAL DE LA HUACA,381,Exportar Hoja de Trabajo,398
8c413b382314673675461a421f1b4a42b16e7cb748b8d4364519e4dbf0c658b4,BIBLIOTECA MUNICIPAL DEL CENTRO POBLADO PEDREGAL,BIBLIOTECA PÚBLICA,PIURA,PIURA,TAMBO GRANDE,MUNICIPALIDAD DEL CENTRO POBLADO PEDREGAL,391,Exportar Hoja de Trabajo,399
548e856e2f886522beaf8063dff05db9ee5b60c252c362a517ce0d36a057c1e0,BIBLIOTECA MUNICIPAL DE CÁTAC,BIBLIOTECA PÚBLICA,ÁNCASH,RECUAY,CATAC,MUNICIPALIDAD DISTRITAL DE CATAC,502,Exportar Hoja de Trabajo,400
43bbf50ba72546625854554f6d136b1fe8fbe6fde6a3aeaebcc09beadc7bfa78,CENTRO DE DOCUMENTACIÓN DEL GOBIERNO REGIONAL PUNO,BIBLIOTECA PÚBLICA,PUNO,PUNO,PUNO,GOBIERNO REGIONAL PUNO,424,Exportar Hoja de Trabajo,401
9cf2fb6f244b7b76b957bc693a2e00ae4046ff194580ce44445467dd7b450fe3,BIBLIOTECA MUNICIPAL DE CORACORA,BIBLIOTECA PÚBLICA,AYACUCHO,PARINACOCHAS,CORACORA,MUNICIPALIDAD PROVINCIAL DE PARINACOCHAS,90,Exportar Hoja de Trabajo,402
f87e8a142d15804decc583ff57143ad18256e67f946cda72f0b709fc7b77db85,BIBLIOTECA MUNICIPAL DE CARMEN SALCEDO,BIBLIOTECA PÚBLICA,AYACUCHO,LUCANAS,CARMEN SALCEDO,MUNICIPALIDAD DISTRITAL CARMEN SALCEDO,89,Exportar Hoja de Trabajo,403
f2dffcb92c40f3a873e551af2da5eff0a8f94778f136899bd9d8d847817afed4,BIBLIOTECA MUNICIPAL DEL CENTRO POBLADO SAN MARTÍN CP-3,BIBLIOTECA PÚBLICA,PIURA,PIURA,TAMBO GRANDE,MUNICIPALIDAD CENTRO POBLADO SAN MARTIN CP3,391,Exportar Hoja de Trabajo,404
bbd0c05a4c55ca206b2b0f0a939c95e486632b28b599bc35c648487f033223bc,BIBLIOTECA MUNICIPAL CESAR VALLEJO,BIBLIOTECA PÚBLICA,PIURA,PIURA,TAMBO GRANDE,MUNICIPALIDAD DELEGADA DE TEJEDORES,391,Exportar Hoja de Trabajo,405
83a01e438c424a82c04f14231a1eddb0a2404fcf0a8623af59444f6978e99e7f,BIBLIOTECA MUNICIPAL ENRIQUE LÓPEZ ALBÚJAR,BIBLIOTECA PÚBLICA,PIURA,PIURA,TAMBO GRANDE,MUNICIPALIDAD CENTRO POBLADO VILLA LA PEÑITA,391,Exportar Hoja de Trabajo,406
733c8a3ed6eaa4d98f5425fd0ec30bf9de8a493b339a4ddc7dd40973792eec1d,"BIBLIOTECA PUBLICA MUNICIPAL ""LUCIANO CASTILLO COLONA""",BIBLIOTECA PÚBLICA,PIURA,PAITA,LA HUACA,MUNICIPALIDAD DISTRITAL DE LA HUACA,381,Exportar Hoja de Trabajo,407
2783b4c2d00e8094ccbefaccd84673c46a075db131622d75ab2f9361506a660f,BIBLIOTECA MUNICIPAL COSME NILO CISNEROS CALDERÓN,BIBLIOTECA PÚBLICA,LA LIBERTAD,SÁNCHEZ CARRIÓN,SANAGORAN,MUNICIPALIDAD DISTRITAL DE SANAGORAN,247,Exportar Hoja de Trabajo,408
b65458925c541009447f383a053c0d14750e9984e9e467b07924afe71e1e2b4f,BIBLIOTECA PÚBLICA MUNICIPAL SANTIAGO CHÁVEZ JIMÉNEZ,BIBLIOTECA PÚBLICA,LAMBAYEQUE,LAMBAYEQUE,JAYANCA,MUNICIPALIDAD DISTRITAL DE JAYANCA,270,Exportar Hoja de Trabajo,409
190974ca3c1024e7f9f5483da1c059fdc46572f70ea5abe5926f2dc134a50e57,BIBLIOTECA MUNICIPAL DEL DISTRITO DE LACABAMBA,BIBLIOTECA PÚBLICA,ÁNCASH,PALLASCA,LACABAMBA,MUNICIPALIDAD DISTRITAL DE LACABAMBA,499,Exportar Hoja de Trabajo,410
ad332564fcdf62329b75b57304e41dd1130655414cc39db054321d6105391f53,"BIBLIOTECA PUBLICA MUNICIPAL ""JOSE CARLOS MARIATEGUI""",BIBLIOTECA PÚBLICA,PIURA,PAITA,LA HUACA,MUNICIPALIDAD DISTRITAL DE LA HUACA,381,Exportar Hoja de Trabajo,411
a157c111369644866b23e93ecd0f2e04ea9b16f53f90f128fa0e9cdafd6ac94a,"BIBLIOTECA PUBLICA MUNICIPAL ""MARIO VARGAS LLOSA""",BIBLIOTECA PÚBLICA,PIURA,PAITA,LA HUACA,MUNICIPALIDAD DISTRITAL DE LA HUACA,381,Exportar Hoja de Trabajo,412
724e1052658eac9b8dcd06efb1661f8c1a4edfedbd0562ea20fcffdcae70776f,BIBLIOTECA MUNICIPAL DE CHUNGUI,BIBLIOTECA PÚBLICA,AYACUCHO,LA MAR,CHUNGUI,MUNICIPALIDAD DISTRITAL DE CHUNGUI,86,Exportar Hoja de Trabajo,413
48db491b6256dd69d39b2b56c1ae2ed3bc376131da5ec2fbf3a4784a856374c7,BIBLIOTECA MUNICIPAL AURAHUA,BIBLIOTECA PÚBLICA,HUANCAVELICA,CASTROVIRREYNA,AURAHUA,MUNICIPALIDAD DISTRITAL DE AURAHUA,159,Exportar Hoja de Trabajo,414
bd5fa9b845e868464b4f5b388a2d93613ec31f69e135777c189554808a39cdcf,BIBLIOTECA MUNICIPAL DE SEPAHUA,BIBLIOTECA PÚBLICA,UCAYALI,ATALAYA,SEPAHUA,MUNICIPALIDAD DISTRITAL DE SEPAHUA,464,Exportar Hoja de Trabajo,415
ebe3d3b5adf35228705e345713875c36776ed231aea139b516cdccf0acc14cc6,BIBLIOTECA FÍSICO - VIRTUAL DE YARABAMBA,BIBLIOTECA PÚBLICA,AREQUIPA,AREQUIPA,YARABAMBA,MUNICIPALIDAD DISTRITAL DE YARABAMBA,61,Exportar Hoja de Trabajo,416
96273950bc59678af25985796ba3e6f6805a4b3b92139c18d40ba406ef3bbf18,BIBLIOTECA CENTRAL PEDRO ZULEN DE LA UNIVERSIDAD NACIONAL MAYOR DE SAN MARCOS,BIBLIOTECAS DE ENSEÑANZA SUPERIOR,LIMA,LIMA,LIMA,UNIVERSIDAD NACIONAL MAYOR DE SAN MARCOS,313,Exportar Hoja de Trabajo,417
c79ce4890801d9f918d4d4ab7bfd2c8cf4d2daf88af94115686abba9dbf03118,BIBLIOTECA ESPECIALIZADA DE LA FACULTAD DE CIENCIAS AGRARIAS,BIBLIOTECAS DE ENSEÑANZA SUPERIOR,ÁNCASH,HUARAZ,INDEPENDENCIA,UNIVERSIDAD NACIONAL SANTIAGO ANTUNEZ DE MAYOLO,483,Exportar Hoja de Trabajo,418
afd7532d2d6c704b72b1b756d7d1c0440edce7aac63e4779cdd8f35f8d310609,BIBLIOTECA MUNICIPAL DEL DISTRITO DE ACORIA,BIBLIOTECA PÚBLICA,HUANCAVELICA,HUANCAVELICA,ACORIA,MUNICIPALIDAD DISTRITAL DE ACORIA,166,Exportar Hoja de Trabajo,419
79a3175c8e28a93cc6554d22fa6468c98aa64fe0d41a75b1514c956f665d6426,BIBLIOTECA MUNICIPAL DE CAMPORREDONDO,BIBLIOTECA PÚBLICA,AMAZONAS,LUYA,CAMPORREDONDO,MUNICIPALIDAD DISTRITAL DE CAMPORREDONDO,7,Exportar Hoja de Trabajo,420
a067f1834b2c49fc488fd20a171fd110c9595255eb4f4631fc76daf736d22236,BIBLIOTECA CENTRAL,BIBLIOTECAS DE ENSEÑANZA SUPERIOR,LORETO,ALTO AMAZONAS,YURIMAGUAS,UNIVERSIDAD NACIONAL AUTONOMA DE ALTO AMAZONAS,338,Exportar Hoja de Trabajo,421
cc7cb96c94beb6520b5a1994cab57c6833a5daca663f7e4a779be8fc183731df,BIBLIOTECA CENTRAL,BIBLIOTECAS DE ENSEÑANZA SUPERIOR,HUÁNUCO,LEONCIO PRADO,RUPA-RUPA,UNIVERSIDAD NACIONAL AGRARIA DE LA SELVA,186,Exportar Hoja de Trabajo,422
3909c14411a31d2aaee52a63af7b2aefedb58e28aef72f360f0ea445e8cd6cd3,BIBLIOTECA UPAL,BIBLIOTECAS DE ENSEÑANZA SUPERIOR,LIMA,LIMA,CHORRILLOS,UNIVERSIDAD PRIVADA PERUANO ALEMANA SOCIEDAD ANONIMA CERRADA,306,Exportar Hoja de Trabajo,423
5c403fe44c12495d290f0031976c2eac59fc6918c64ce20993db733d01441166,BIBLIOTECA UCT,BIBLIOTECAS DE ENSEÑANZA SUPERIOR,LA LIBERTAD,TRUJILLO,MOCHE,ASOCIACION CIVIL UNIVERSIDAD CATOLICA DE TRUJILLO BENEDICTO XVI,251,Exportar Hoja de Trabajo,424
023aa6865b97ae2d5e5ae26cf17eb3ac7957e3cd3826f9c3575a5566fd7d38ec,CENTRO DE INFORMACIÓN Y DOCUMENTACIÓN CIDOC,BIBLIOTECAS DE ENSEÑANZA SUPERIOR,LIMA,LIMA,LA MOLINA,UNIVERSIDAD DE CIENCIAS Y ARTES DE AMERICA LATINA S.A.C. - UCAL S.A.C.,311,Exportar Hoja de Trabajo,425
7270c8a4506b6e0b905e6ca174843083d1df08d32f5a61c2882bdbb8b96b2868,BIBLIOTECA DE LA UNIVERSIDAD MARÍA AUXILIADORA,BIBLIOTECAS DE ENSEÑANZA SUPERIOR,LIMA,LIMA,SAN JUAN DE LURIGANCHO,UNIVERSIDAD MARIA AUXILIADORA S.A.C.,325,Exportar Hoja de Trabajo,426
6060b0927bcc2f20b944fd74f937d1185f53f5060e2141ddd3e9739067b2ded2,HUB DE INFORMACIÓN,BIBLIOTECAS DE ENSEÑANZA SUPERIOR,JUNÍN,HUANCAYO,HUANCAYO,UNIVERSIDAD CONTINENTAL SOCIEDAD ANONIMA CERRADA,215,Exportar Hoja de Trabajo,427
39202bc24c79f71d6c44317c4a80293470016370d6a202be1ee107eab145b929,UNIDAD DE BIBLIOTECA CENTRAL UNAH,BIBLIOTECAS DE ENSEÑANZA SUPERIOR,AYACUCHO,HUANTA,HUANTA,UNIVERSIDAD NACIONAL AUTÓNOMA DE HUANTA,83,Exportar Hoja de Trabajo,428
7d5a01d2dcff5bc8998ba5ecd62574d1eaf87bd860f3da50b18601ed36f7eed3,CENTRO DE DOCUMENTACION E INFORMACION,BIBLIOTECAS DE ENSEÑANZA SUPERIOR,LIMA,LIMA,LA MOLINA,UNIVERSIDAD SAN IGNACIO DE LOYOLA S.A,311,Exportar Hoja de Trabajo,429
87aceca292e0799933ae20987a175d39e950ecb1cab936b38c60dc5678772a0c,BIBLIOTECA Y CENTRO DE INFORMÁTICA BLANCA VARELA.,BIBLIOTECAS DE ENSEÑANZA SUPERIOR,LIMA,BARRANCA,BARRANCA,UNIVERSIDAD NACIONAL DE BARRANCA,278,Exportar Hoja de Trabajo,430
589790c79645d48c86e5ccf14bcfff168c3b24fe4c8fe1e7e4f6dde7382e2bb9,LA BIBLIOTECA CENTRAL FRANCISCO NAVARES MERINO,BIBLIOTECAS DE ENSEÑANZA SUPERIOR,LIMA,LIMA,PUEBLO LIBRE (MAGDALENA VIEJA),FACULTAD DE TEOLOGIA PONTIFICIA Y CIVIL DE LIMA,321,Exportar Hoja de Trabajo,431
857c06a08b50f631255d8bf3f54780c7a00657ce5b32b7a904cd18be0c0cd5d3,BIBLIOTECA UNIVERSIDAD NACIONAL AUTÓNOMA DE CHOTA,BIBLIOTECAS DE ENSEÑANZA SUPERIOR,CAJAMARCA,CHOTA,CHOTA,UNIVERSIDAD NACIONAL AUTÓNOMA DE CHOTA,103,Exportar Hoja de Trabajo,432
50c17ddda9e5c5a3c4a08c5a6e8afd57e51c063678eee1efe5e78e52abecfb45,BIBLIOTECA CENTRAL,BIBLIOTECAS DE ENSEÑANZA SUPERIOR,LIMA,LIMA,LA MOLINA,UNIVERSIDAD FEMENINA DEL SAGRADO CORAZON,311,Exportar Hoja de Trabajo,433
650110d4f7e7e905fe13661770980a8f0c6b814081f6f12754207aa232168552,BIBLIOTECA CENTRAL DE LA UNIVERSIDAD NORBERT WIENER,BIBLIOTECAS DE ENSEÑANZA SUPERIOR,LIMA,LIMA,LIMA,UNIVERSIDAD PRIVADA NORBERT WIENER S.A.,313,Exportar Hoja de Trabajo,434
cac07ce938e3f201183e09af9b93dc0ddc99537ebb80f5333fc793a47831ad1c,BIBLIOTECA DE LA UNIVERSIDAD NORBERT WIENER - FACULTAD DE INGENIERÍA Y NEGOCIOS,BIBLIOTECAS DE ENSEÑANZA SUPERIOR,LIMA,LIMA,LINCE,UNIVERSIDAD PRIVADA NORBERT WIENER S.A.,314,Exportar Hoja de Trabajo,435
5b40549d85881898d058145c52fa7854a0eb8bf87a1080362ef855453f250ef4,BIBLIOTECA CENTRAL - UNIVERSIDAD NACIONAL DE TRUJILLO,BIBLIOTECAS DE ENSEÑANZA SUPERIOR,LA LIBERTAD,TRUJILLO,TRUJILLO,UNIVERSIDAD NACIONAL DE TRUJILLO,253,Exportar Hoja de Trabajo,436
cd04f329022512f9bb3446cee1e2abadf45c43e1dba0cc43bd5d902a8baf23f7,BIBLIOTECA CENTRAL PADRE BLAS VALERA PEREZ,BIBLIOTECAS DE ENSEÑANZA SUPERIOR,AMAZONAS,CHACHAPOYAS,CHACHAPOYAS,UNIVERSIDAD NACIONAL TORIBIO RODRIGUEZ DE MENDOZA DE AMAZONAS,4,Exportar Hoja de Trabajo,437
89374463a7adba56bf2d49fe3a3d8517c1d53485b5e99e6c62843d022a5e2c33,BIBLIOTECA CENTRAL DE LA UNIVERSIDAD DE PIURA,BIBLIOTECAS DE ENSEÑANZA SUPERIOR,PIURA,PIURA,PIURA,UNIVERSIDAD DE PIURA,390,Exportar Hoja de Trabajo,438
10d8cc8488d120cc3889c92139bb2e1ea4d4ff5c3f7cb13a1705087b045b1888,BIBLIOTECA UTEC,BIBLIOTECAS DE ENSEÑANZA SUPERIOR,LIMA,LIMA,BARRANCO,UNIVERSIDAD DE INGENIERIA Y TECNOLOGIA,302,Exportar Hoja de Trabajo,439
3bdcf3800a1e1e60b450ff71d02174736dd4179897654dbf03c40c177217e04c,JORGE BASADRE,BIBLIOTECAS DE ENSEÑANZA SUPERIOR,LIMA,LIMA,JESUS MARIA,UNIVERSIDAD DEL PACIFICO,310,Exportar Hoja de Trabajo,440
b7495d501fa269203cab746972df4a12005d2cbfaeb4a69ab09155800a6d1a8d,BIBLIOTECA CENTRAL JOSE MARÍA ARGUEDAS,BIBLIOTECAS DE ENSEÑANZA SUPERIOR,APURÍMAC,ANDAHUAYLAS,ANDAHUAYLAS,UNIVERSIDAD NACIONAL JOSÉ MARÍA ARGUEDAS,15,Exportar Hoja de Trabajo,441
c771836740f5439f2fdbd4c7966bdda1b73bd34fc1301017ee9a726adac1e591,PARQUE BIBLIOTECA MUNICIPAL GRAN PAJATEN,BIBLIOTECA PÚBLICA,LA LIBERTAD,PATAZ,PATAZ,MUNICIPALIDAD DISTRITAL DE PATAZ,242,Exportar Hoja de Trabajo,442
c132886090455e226bd3aa2877adb2a6acda2a32e6a9cd693427521cf4326040,EFRAÍN MOROTE BEST,BIBLIOTECAS DE ENSEÑANZA SUPERIOR,AYACUCHO,HUAMANGA,AYACUCHO,UNIVERSIDAD NACIONAL DE SAN CRISTOBAL DH,76,Exportar Hoja de Trabajo,443
625ec033729fef196618f30edfe3d568c489f89698e01e8e4ecb6b34ea23e4d2,"P. FELIPE MACGREGOR, SJ.",BIBLIOTECAS DE ENSEÑANZA SUPERIOR,LIMA,LIMA,PUEBLO LIBRE (MAGDALENA VIEJA),UNIVERSIDAD ANTONIO RUIZ DE MONTOYA,321,Exportar Hoja de Trabajo,444
36d53cb8b313e516aa785d696599a2fd1a47f6e355f162b6dc91fe429bab3053,NICOLÁS GAVIDIA VALVERDE,BIBLIOTECA PÚBLICA,LA LIBERTAD,SÁNCHEZ CARRIÓN,CHUGAY,MUNICIPALIDAD DISTRITAL DE CHUGAY,245,Exportar Hoja de Trabajo,445
fe9d5b3ee55552344b7c86ea91b66287448f07b8add3978f2395eab711870e3a,CENTRO DE INFORMACIÓN Y BIBLIOTECAS DE LA UCSM,BIBLIOTECAS DE ENSEÑANZA SUPERIOR,AREQUIPA,AREQUIPA,AREQUIPA,UNIVERSIDAD CATOLICA DE SANTA MARIA,53,Exportar Hoja de Trabajo,446
6ddf8f9e3983f7b03b565b08e351821a1ad7cda1d1bb1ac7e7061e58c7cebf10,CENTRO DE INFORMACIÓN DR. ROGER PINGO JARA,BIBLIOTECAS DE ENSEÑANZA SUPERIOR,LAMBAYEQUE,CHICLAYO,PIMENTEL,UNIVERSIDAD SEÑOR DE SIPAN S.A.C.,265,Exportar Hoja de Trabajo,447
04b3eac41dacf4ab6a9edf8f1da237094c3a02daff33000443ec01dacd87f8ad,BIBLIOTECA ESPECIALIZADA DE LA FACULTAD DE ADMINISTRACIÓN,BIBLIOTECAS DE ENSEÑANZA SUPERIOR,LIMA,LIMA,LIMA,UNIVERSIDAD NAC. FEDERICO VILLAREAL UNFV,313,Exportar Hoja de Trabajo,448
59ea1b892424d8872500e0698e172e7adde35e2087bd4298f430bbbda842f6bd,"BIBLIOTECA MUNICIPAL ""VICTOR RAUL HAYA DE LA TORRE""",BIBLIOTECA PÚBLICA,LAMBAYEQUE,CHICLAYO,OYOTUN,MUNICIPALIDAD DISTRITAL DE OYOTUN,262,Exportar Hoja de Trabajo,449
184bee173fc710d5eac44890f49d21319f85a88f745260d1672474f65990d074,BIBLIOTECA ESPECIALIZADA DE DERECHO Y CIENCIA POLÍTICA,BIBLIOTECAS DE ENSEÑANZA SUPERIOR,LIMA,LIMA,LIMA,UNIVERSIDAD NAC. FEDERICO VILLAREAL UNFV,313,Exportar Hoja de Trabajo,450
a058b801ebea1b3e2a111e88e1c00b66d4c0cb25518bcc7f1908056cddbd4d7a,LUIS ALBERTO SÁNCHEZ,BIBLIOTECAS DE ENSEÑANZA SUPERIOR,LIMA,LIMA,LIMA,UNIVERSIDAD NAC. FEDERICO VILLAREAL UNFV,313,Exportar Hoja de Trabajo,451
1ca60c7215bb2940caa3b01941eb13f2db706efe91b77dc6245d04b896553029,BIBLIOTECA MUNICIPAL DEL DISTRITO DE PAMPACOLCA,BIBLIOTECA PÚBLICA,AREQUIPA,CASTILLA,PAMPACOLCA,MUNICIPALIDAD DISTRITAL DE PAMPACOLCA,68,Exportar Hoja de Trabajo,452
32deb97572795dc67e0eb7b1504a67ea026036d251e796a5150f9a08209c72c1,BIBLIOTECA ESPECIALIZADA DE INGENIERÍA CIVIL,BIBLIOTECAS DE ENSEÑANZA SUPERIOR,LIMA,LIMA,MAGDALENA DEL MAR,UNIVERSIDAD NAC. FEDERICO VILLARREAL,318,Exportar Hoja de Trabajo,453
17c4edbf3d73d1fb1426a9f6720240e6dae1d1557f42138d6905d3a3842f3b08,BIBLIOTECA ESPECIALIZADA DE INGENIERÍA ELECTRÓNICA,BIBLIOTECAS DE ENSEÑANZA SUPERIOR,LIMA,LIMA,BREÑA,UNIVERSIDAD NAC. FEDERICO VILLARREAL,303,Exportar Hoja de Trabajo,454
bf570420ed9179cdbf94c5e8e435668eab6d83306c0a58b403d15755ac7e8dd1,BIBLIOTECA ESPECIALIZADA DE INGENIERÍA DE SISTEMAS,BIBLIOTECAS DE ENSEÑANZA SUPERIOR,APURÍMAC,ANDAHUAYLAS,SAN JERONIMO,UNIVERSIDAD NACIONAL JOSÉ MARÍA ARGUEDAS,19,Exportar Hoja de Trabajo,455
bc3f97ddce02bf1fc076bcaca9f7cb541274978bbc2454e8e38e200f7d26589c,BIBLIOTECA ESPECIALIZADA DE INGENIERÍA AGROINDUSTRIAL,BIBLIOTECAS DE ENSEÑANZA SUPERIOR,APURÍMAC,ANDAHUAYLAS,TALAVERA,UNIVERSIDAD NACIONAL JOSÉ MARÍA ARGUEDAS,20,Exportar Hoja de Trabajo,456
5a6496d8225e5d17e3825aa7cc6dbd160b3dca56b9a1420f8c30872a46c216be,LEONIDAS CASTRO BASTOS,BIBLIOTECAS DE ENSEÑANZA SUPERIOR,LIMA,LIMA,LIMA,UNIVERSIDAD NAC. FEDERICO VILLARREAL,313,Exportar Hoja de Trabajo,457
51c31c2783a76322bca20ae4e5161259106a39d59f167cb3b7014cd548f48fc8,BIBLIOTECA ESPECIALIZADA FACULTAD DE INGENIERÍA INDUSTRIAL Y DE SISTEMAS,BIBLIOTECAS DE ENSEÑANZA SUPERIOR,LIMA,LIMA,LIMA,UNIVERSIDAD NAC. FEDERICO VILLARREAL,313,Exportar Hoja de Trabajo,458
94027084bc44c9b78f5f75c3e94c2b37c776c87f9a6262d1155754ee1987ae7e,BIBLIOTECA ESPECIALIZADA DE PSICOLOGÍA,BIBLIOTECAS DE ENSEÑANZA SUPERIOR,LIMA,LIMA,LIMA,UNIVERSIDAD NAC. FEDERICO VILLARREAL,313,Exportar Hoja de Trabajo,459
72cb026bb9aff13b670d754e3a7678952dd449f4cc477c88948877a43fe39514,BIBLIOTECA ESPECIALIZADA DE LA ESCUELA DE POSGRADO,BIBLIOTECAS DE ENSEÑANZA SUPERIOR,LIMA,LIMA,LIMA,UNIVERSIDAD NAC. FEDERICO VILLAREAL UNFV,313,Exportar Hoja de Trabajo,460
ede1fa67aa665ec1f91cf388006a928a52a897c074c3464e8114e55ef6984d2f,BIBLIOTECA ESPECIALIZADA DE LA FACULTAD DE TECNOLOGÍA MÉDICA,BIBLIOTECAS DE ENSEÑANZA SUPERIOR,LIMA,LIMA,EL AGUSTINO,UNIVERSIDAD NAC. FEDERICO VILLAREAL UNFV,308,Exportar Hoja de Trabajo,461
f26770ca1289f21f94962c371c452cf97f900d6649486d41ea36137b40ff6d8b,BIBLIOTECA ESPECIALIZADA DE EDUCACIÓN,BIBLIOTECAS DE ENSEÑANZA SUPERIOR,LIMA,LIMA,LIMA,UNIVERSIDAD NAC. FEDERICO VILLAREAL UNFV,313,Exportar Hoja de Trabajo,462
e6229a8641281b8cf8d4925551e2956307c7886a72458e49a876bdfdc94d665f,ALFREDO LINDER BRESLAUER,BIBLIOTECAS DE ENSEÑANZA SUPERIOR,LIMA,LIMA,JESUS MARIA,UNIVERSIDAD NAC. FEDERICO VILLAREAL UNFV,310,Exportar Hoja de Trabajo,463
bc99474ebb74d6a25ea9af610f739575f8b3caf185c6c75f6f922625dbee146e,BIBLIOTECA ESPECIALIZADA DE LA FACULTAD DE CIENCIAS FINANCIERAS Y CONTABLES,BIBLIOTECAS DE ENSEÑANZA SUPERIOR,LIMA,LIMA,LIMA,UNIVERSIDAD NAC. FEDERICO VILLAREAL UNFV,313,Exportar Hoja de Trabajo,464
005b066a889fc5c6aa5b27f5f76872f5ae2cf1efc674d0e6655d8d891e18eb79,"BIBLIOTECA ESPECIALIZADA FACULTAD DE OCEANOGRAFÍA, PESQUERÍA, CIENCIAS ALIMENTARIAS Y ACUICULTURA",BIBLIOTECAS DE ENSEÑANZA SUPERIOR,LIMA,LIMA,MIRAFLORES,UNIVERSIDAD NAC. FEDERICO VILLAREAL UNFV,319,Exportar Hoja de Trabajo,465
4cde391cd689c9fedf19b89ae996a3d990a0cab64edda33c7cbfed38cc55d0dd,BIBLIOTECA FILIAL VALLE JEQUETEPEQUE GUADALUPE,BIBLIOTECAS DE ENSEÑANZA SUPERIOR,LA LIBERTAD,PACASMAYO,GUADALUPE,UNIVERSIDAD NACIONAL DE TRUJILLO,239,Exportar Hoja de Trabajo,466
aa2c9f8490e1803beb176570d981b2f9e75a1571b0c8f32e79f6d3574a22982e,BIBLIOTECA ESPECIALIZADA DE ADMINISTRACIÓN DE EMPRESAS,BIBLIOTECAS DE ENSEÑANZA SUPERIOR,APURÍMAC,ANDAHUAYLAS,SAN JERONIMO,UNIVERSIDAD NACIONAL JOSÉ MARÍA ARGUEDAS,19,Exportar Hoja de Trabajo,467
9ca9aad2ad7231d082d4d857c482305de3f4b47034280a6b2fd735e679d08ee8,BIBLIOTECA DE CIENCIAS ECONÓMICAS - ALVARO CAMACHO SÁNCHEZ,BIBLIOTECAS DE ENSEÑANZA SUPERIOR,LA LIBERTAD,TRUJILLO,TRUJILLO,UNIVERSIDAD NACIONAL DE TRUJILLO,253,Exportar Hoja de Trabajo,468
082b6f8486ac45efd1178183524ec979a3b5d48053b8ef865883c007cb2d36c0,BIBLIOTECA DE CIENCIAS FÍSICAS Y MATEMÁTICAS,BIBLIOTECAS DE ENSEÑANZA SUPERIOR,LA LIBERTAD,TRUJILLO,TRUJILLO,UNIVERSIDAD NACIONAL DE TRUJILLO,253,Exportar Hoja de Trabajo,469
0f3d489bb48b4175d300b99445445eff749e5fe7b62ab9e8f7be22936b0b7e6a,BIBLIOTECA DE LA FACULTAD DE FARMACIA Y  BIOQUÍMICA,BIBLIOTECAS DE ENSEÑANZA SUPERIOR,LA LIBERTAD,TRUJILLO,TRUJILLO,UNIVERSIDAD NACIONAL DE TRUJILLO,253,Exportar Hoja de Trabajo,470
c1be653b0b0b74931231e11f0f5ff2e23dbbef786f90cdb1f164e11fc93fa33b,BIBLIOTECA PÚBLICA MUNICIPAL “ALIMENTO INTELECTUAL AGALLPAMPA”,BIBLIOTECA PÚBLICA,LA LIBERTAD,OTUZCO,AGALLPAMPA,MUNICIPALIDAD DISTRITAL DE AGALLPAMPA,237,Exportar Hoja de Trabajo,471
ed8b026bae756da2d63225de07a95376364b1ebcff5c8ed4c15774416f5cde2d,BIBLIOTECA CENTRAL DE LA UNIVERSIDAD NACIONAL DE JULIACA,BIBLIOTECAS DE ENSEÑANZA SUPERIOR,PUNO,SAN ROMÁN,JULIACA,UNIVERSIDAD NACIONAL DE JULIACA,426,Exportar Hoja de Trabajo,472
e46a1ba753f5dbd628192cdc1c94f41724f2906595db0bd0915f4a2d9d83bf2a,BIBLIOTECA MUNICIPAL DE COYA,BIBLIOTECA PÚBLICA,CUSCO,CALCA,COYA,MUNICIPALIDAD DISTRITAL DE COYA,128,Exportar Hoja de Trabajo,473
9599f47769f4359c464cda501260cc067c2c6be358e84db98af7bc575e340dee,BIBLIOTECA DE LA ESCUELA DE POSGRADO,BIBLIOTECAS DE ENSEÑANZA SUPERIOR,LA LIBERTAD,TRUJILLO,TRUJILLO,UNIVERSIDAD NACIONAL DE TRUJILLO,253,Exportar Hoja de Trabajo,474
b839dae7f8e4c97fc5384054e3c139bbf3775300e6fd70030af8b13b289029da,BIBLIOTECA MUNICIPAL DE ATUNCOLLA,BIBLIOTECA PÚBLICA,PUNO,PUNO,ATUNCOLLA,MUNICIPALIDAD DISTRITAL DE ATUNCOLLA,423,Exportar Hoja de Trabajo,475
209d3d9a77854afcbe4e16176e709e0a013c76ec925ac785ac009d726bce6999,"BIBLIOTECA CENTRAL ""ANÍBAL SANTIVAÑEZ MORALES""",BIBLIOTECAS DE ENSEÑANZA SUPERIOR,PIURA,PIURA,CASTILLA,UNIVERSIDAD NACIONAL DE PIURA,383,Exportar Hoja de Trabajo,476
3bc679a0236ca72ce358a7a61e48d0b3105f603ba7c9bd4f51159321173c8109,BIBLIOTECA DE EDUCACION Y CIENCIAS DE LA COMUNICACION,BIBLIOTECAS DE ENSEÑANZA SUPERIOR,LA LIBERTAD,TRUJILLO,TRUJILLO,UNIVERSIDAD NACIONAL DE TRUJILLO,253,Exportar Hoja de Trabajo,477
5d93698eab24c2559dc42b7602db74fff4cfc6659c6c7af78f2f2f4eb2188251,UNIDAD DE BIBLIOTECA DE ENFERMERÍA DE LA UNT,BIBLIOTECAS DE ENSEÑANZA SUPERIOR,LA LIBERTAD,TRUJILLO,TRUJILLO,UNIVERSIDAD NACIONAL DE TRUJILLO,253,Exportar Hoja de Trabajo,478
3e76a937c53731ab30fb0997dcb620dd1dee5bf763ff2f9c4364250ec22517f1,BIBLIOTECA MUNICIPAL DEL DISTRITO NUEVE DE JULIO,BIBLIOTECA PÚBLICA,JUNÍN,CONCEPCIÓN,NUEVE DE JULIO,MUNICIPALIDAD DISTRITAL NUEVE DE JULIO,212,Exportar Hoja de Trabajo,479
d8cbdc1a7171fe9fa47bc916ba012e9e800bed7da22be530044988f40179ac52,BIBLIOTECA MUNICIPAL DEL DISTRITO DE SAN LORENZO,BIBLIOTECA PÚBLICA,JUNÍN,JAUJA,SAN LORENZO,MUNICIPALIDAD DISTRITAL DE SAN LORENZO,218,Exportar Hoja de Trabajo,480
df6c7c53d31cfe067de981ae7c4ceeac4c87e7e6ae6ae7d9effe7eb85bbe9950,BIBLIOECA DE INGENIERIA QUIMICA,BIBLIOTECAS DE ENSEÑANZA SUPERIOR,LA LIBERTAD,TRUJILLO,TRUJILLO,UNIVERSIDAD NACIONAL DE TRUJILLO,253,Exportar Hoja de Trabajo,481
81d87e3398779a2706e2f5001fa17b1dcb5dc9c535e493a59cb774f059a6ba0f,BIBLIOTECA MUNICIPAL SAN MIGUEL,BIBLIOTECA PÚBLICA,PUNO,SAN ROMÁN,SAN MIGUEL,MUNICIPALIDAD DISTRITAL DE SAN MIGUEL,427,Exportar Hoja de Trabajo,482
f8d5960cfdcbce10883b5ade1c88e803aa79c85b0090aa2f76be116f4a966625,"BIBLIOTECA PÚBLICA MUNICIPAL ""ELISEO TALANCHA CRESPO""",BIBLIOTECA PÚBLICA,HUÁNUCO,LEONCIO PRADO,MARIANO DAMASO BERAUN,MUNICIPALIDAD DISTRITAL DE MARIANO DAMASO BERAUN,185,Exportar Hoja de Trabajo,483
651f5a4cf34aca06d12edf248e7c34c4dc74da4493f34274884a5ad3a5c2abc9,BIBLIOTECA MUNICIPAL DE MONZÓN,BIBLIOTECA PÚBLICA,HUÁNUCO,HUAMALÍES,MONZON,MUNICIPALIDAD DISTRITAL DE MONZON,178,Exportar Hoja de Trabajo,484
c1e2d55903129ad32e18eec52e769e17ca051f49521f7a76a2617530e8d868de,BIBLIOTECA DE LA FACULTAD DE FARMACIA Y BIOQUÍMICA-UNMSM,BIBLIOTECAS DE ENSEÑANZA SUPERIOR,LIMA,LIMA,LIMA,UNIVERSIDAD NACIONAL MAYOR DE SAN MARCOS,313,Exportar Hoja de Trabajo,485
9cf5140cc1b52aa5d87a5a019470d273dae85c60ccbfac5710e2bff3fe1af4de,BIBLIOTECA DE LA FACULTAD DE ODONTOLOGÍA DE LA UNIVERSIDAD NACIONAL MAYOR DE SAN MARCOS,BIBLIOTECAS DE ENSEÑANZA SUPERIOR,LIMA,LIMA,LIMA,UNIVERSIDAD NACIONAL MAYOR DE SAN MARCOS,313,Exportar Hoja de Trabajo,486
dc101e9e39ee3ca7b44bc7ce0cd80cc6088ec48841b0de91ed614a668e5ebfc8,"BIBLIOTECA DE CENCIAS SOCIALES ""DUCCIO BONAVIA""",BIBLIOTECAS DE ENSEÑANZA SUPERIOR,LA LIBERTAD,TRUJILLO,TRUJILLO,UNIVERSIDAD NACIONAL DE TRUJILLO,253,Exportar Hoja de Trabajo,487
74f06cec28c8953ec81c5dd1c23a51df4379ba52ebfa09b14de3f0d33f733136,BIBLIOTECA CENTRAL,BIBLIOTECAS DE ENSEÑANZA SUPERIOR,LIMA,LIMA,SANTIAGO DE SURCO,"ESCUELA DE EDUCACION SUPERIOR PEDAGOGICA PUBLICA ""MONTERRICO""",330,Exportar Hoja de Trabajo,488
f7b3a4cc30f811eb102407e793efec9a0cea1b70d6516194a031f5ad357d647a,BIBLIOTECA MUNICIPAL DE CHILCAS,BIBLIOTECA PÚBLICA,AYACUCHO,LA MAR,CHILCAS,MUNICIPALIDAD DISTRITAL DE CHILCAS,85,Exportar Hoja de Trabajo,489
72f10e147703470f3b7d9675372f406129fbfad64fcb6883ed4678d9d6d30952,"BIBLIOTECA ESPECIALIZADA DE CIENCIAS ECONÓMICAS, ADMINISTRATIVAS Y CONTABLES",BIBLIOTECAS DE ENSEÑANZA SUPERIOR,AYACUCHO,HUAMANGA,AYACUCHO,UNIVERSIDAD NACIONAL DE SAN CRISTOBAL DH,76,Exportar Hoja de Trabajo,490
c34d85afeef63bf656ed34ee61ab92ed48a07a3fc45fd122cfe210afe1434e03,BIBLIOTECA MUNICIPAL CAMPO VERDE,BIBLIOTECA PÚBLICA,UCAYALI,CORONEL PORTILLO,CAMPOVERDE,MUNICIPALIDAD DISTRITAL DE CAMPOVERDE,466,Exportar Hoja de Trabajo,491
7029f82f2e3d54388ed7c0e1d0d4afcdbec5aca48d6c96b1d988393484d5aa1e,"BIBLIOTECA MUNICIPAL ""BLADEMIR CARRANZA MONTAÑEZ""",BIBLIOTECA PÚBLICA,ÁNCASH,SANTA,SAMANCO,MUNICIPALIDAD DISTRITAL DE SAMANCO,506,Exportar Hoja de Trabajo,492
0a59c161a1c7f07b85a76ee201f8c7f67d2c555ba725ea3fa425da26a01db12a,"BIBLIOTECA DE LA ESCUELA NACIONAL SUPERIOR DE ARTE DRAMÁTICO ""ERNESTO RAEZ""",BIBLIOTECAS DE ENSEÑANZA SUPERIOR,LIMA,LIMA,MIRAFLORES,"UNIDAD EJECUTORA ESCUELA NACIONAL SUPERIOR DE ARTE DRAMÁTICO ""GUILLERMO UGARTE CHAMORRO""",319,Exportar Hoja de Trabajo,493
88c84456a25d90ff9de3ed3d2ee805ac2156948b99807727718bc51268b7801b,BIBLIOTECA PÚBLICA MUNICIPAL DATEM DEL MARAÑÓN,BIBLIOTECA PÚBLICA,LORETO,DATEM DEL MARAÑÓN,BARRANCA,MUNICIPALIDAD PROVINCIAL DATEM DEL MARAÑON,339,Exportar Hoja de Trabajo,494
323a6ebdcbf2ff58060635f9ddade5a4bedba6d3ecced2556603bab1ab96ffa5,BIBLIOTECA ESPECIALIZADA  DE LA FACULTAD DE ODONTOLOGÍA,BIBLIOTECAS DE ENSEÑANZA SUPERIOR,LIMA,LIMA,PUEBLO LIBRE (MAGDALENA VIEJA),UNIVERSIDAD NAC. FEDERICO VILLARREAL,321,Exportar Hoja de Trabajo,495
1a9aea51ec0c3e95575d2283a7c4df9f80e541ae699542fc4a6f39ae1448759a,JULIO SALINAS RIVERA,BIBLIOTECAS DE ENSEÑANZA SUPERIOR,LIMA,LIMA,EL AGUSTINO,UNIVERSIDAD NAC. FEDERICO VILLARREAL,308,Exportar Hoja de Trabajo,496
ba9636eba09e350c959c4f17ecd4827c6ae94dfab0cab3a5387ecdfcf98fe759,CARLOS RICARDO MONROY CABRERA,BIBLIOTECAS DE ENSEÑANZA SUPERIOR,LIMA,LIMA,EL AGUSTINO,UNIVERSIDAD NAC. FEDERICO VILLAREAL UNFV,308,Exportar Hoja de Trabajo,497
abc7f21e5f25a9de0a83603dbe2ff61d2e164d072f67a7198a044c3ec3778ff5,BIBLIOTECA PÚBLICA MUNICIPAL CAHUAPANAS,BIBLIOTECA PÚBLICA,LORETO,DATEM DEL MARAÑÓN,CAHUAPANAS,MUNICIPALIDAD DISTRITAL DE CAHUAPANAS,340,Exportar Hoja de Trabajo,498
fb925b626385c088e3f420e8c5cd1bd4c25e1a024c7d72648870db1822486507,BIBLIOTECA ESPECIALIZADA DE LA FACULTAD DE CIENCIAS SOCIALES,BIBLIOTECAS DE ENSEÑANZA SUPERIOR,LIMA,LIMA,LIMA,UNIVERSIDAD NAC. FEDERICO VILLARREAL,313,Exportar Hoja de Trabajo,499
9b4f8fdd795cf5ae90d09fa6cb91464bf18295fb9053b7a3a98f5dd5c76ac617,BIBLIOTECA ESPECIALIZADA DE LA FACULTAD  DE CIENCIAS ECONÓMICAS,BIBLIOTECAS DE ENSEÑANZA SUPERIOR,LIMA,LIMA,LIMA,UNIVERSIDAD NAC. FEDERICO VILLARREAL,313,Exportar Hoja de Trabajo,500
adc41604b6e8343c4bd420fa7e4e721ae31ca9ace9487515ee0218420573a211,"BIBLIOTECA MUNICIPAL ""VIRGEN SANTA ANA""",BIBLIOTECA PÚBLICA,PASCO,DANIEL ALCIDES CARRIÓN,SANTA ANA DE TUSI,MUNICIPALIDAD DISTRITAL STA ANA DE TUSI,357,Exportar Hoja de Trabajo,501
19474ce562040f0d0decd2a554fd9a6b7bd4e7c56d549aaca841bb012cb20a8b,BIBLIOTECA ESPECIALIZADA DE MEDICINA HUMANA Y ODONTOLOGÍA,BIBLIOTECAS DE ENSEÑANZA SUPERIOR,CUSCO,CUSCO,CUSCO,UNIVERSIDAD NACIONAL DE SAN ANTONIO ABAD DEL CUSCO,137,Exportar Hoja de Trabajo,502
3e35894c06dc6c3b8bca157786bd912a1c7afb019e7401c100ed3d3446b8b645,UNIDAD DE BIBLIOTECA CENTRAL,BIBLIOTECAS DE ENSEÑANZA SUPERIOR,CUSCO,CUSCO,CUSCO,UNIVERSIDAD NACIONAL DE SAN ANTONIO ABAD DEL CUSCO,137,Exportar Hoja de Trabajo,503
d798f7be0ac824afc74be4a653d7cd7b5d69d39905556ed56a215237117ae40e,BIBLIOTECA CENTRAL UNIQ,BIBLIOTECAS DE ENSEÑANZA SUPERIOR,CUSCO,LA CONVENCIÓN,SANTA ANA,UNIVERSIDAD NACIONAL INTERCULTURAL DE QUILLABAMBA,146,Exportar Hoja de Trabajo,504
5a2a3dd42f49fc18bf120a9bcf1783370f81931963aca8d4ea1203fe984daf14,SISTEMAS DE BIBLIOTECAS DE LA UNIVERSIDAD TECNOLÓGICA DE LOS ANDES,BIBLIOTECAS DE ENSEÑANZA SUPERIOR,APURÍMAC,ABANCAY,ABANCAY,UNIVERSIDAD TECNOLOGICA DE LOS ANDES,12,Exportar Hoja de Trabajo,505
70e2a060cdf5028dbfe32b310a830cff059ca1f2322e17495ad7371ff770b6fb,BIBLIOTECA CENTRAL DE LA UNIVERSIDAD RICARDO PALMA,BIBLIOTECAS DE ENSEÑANZA SUPERIOR,LIMA,LIMA,SANTIAGO DE SURCO,UNIVERSIDAD RICARDO PALMA,330,Exportar Hoja de Trabajo,506
736b772c1fb2d8e0c10689a7824e7aeacbd7c1f7cc59252a5803323333394ada,"ESTACIÓN DE BIBLIOTECA PÚBLICA ""ARMANDO CLAROS CÁCERES"" - TARATA",BIBLIOTECA PÚBLICA,TACNA,TARATA,TARATA,BIBLIOTECA NACIONAL DEL PERU,455,Exportar Hoja de Trabajo,507
920216442781e9265bbe7f66c3a7c4f56ce2e677231f9220417f8ebf30faca65,BIBLIOTECA MUNICIPAL HEROICA CIUDAD DE JUNÍN,BIBLIOTECA PÚBLICA,JUNÍN,JUNÍN,JUNIN,MUNICIPALIDAD PROVINCIAL DE JUNIN,221,Exportar Hoja de Trabajo,508
3b7c6c245c4cb13409a01928edd849eb46f6f6c1f898670ec6d1220497fc64b6,BIBLIOTECA ESPECIALIZADA DE ARQUITECTURA,BIBLIOTECAS DE ENSEÑANZA SUPERIOR,CUSCO,CUSCO,CUSCO,UNIVERSIDAD NACIONAL DE SAN ANTONIO ABAD DEL CUSCO,137,Exportar Hoja de Trabajo,509
1c82359cff59e882b17d46ceba97ef0191b96b936f015166574d4cc1f8b4a7b3,BIBLIOTECA ESPECIALIZADA DE INGENIERIA DE PROCESOS,BIBLIOTECAS DE ENSEÑANZA SUPERIOR,CUSCO,CUSCO,CUSCO,UNIVERSIDAD NACIONAL DE SAN ANTONIO ABAD DEL CUSCO,137,Exportar Hoja de Trabajo,510
0235d81dc0281ac3bbe57ff27aafcd27924fa27e4d38588e561bd0065cb96a97,BIBLIOTECA ESPECIALIZADA DE ECONOMÍA,BIBLIOTECAS DE ENSEÑANZA SUPERIOR,CUSCO,CUSCO,CUSCO,UNIVERSIDAD NACIONAL DE SAN ANTONIO ABAD DEL CUSCO,137,Exportar Hoja de Trabajo,511
e10c54c4d7153d9cd54f1d2721a9d34648465a8ca2fc084fb5ae80b4c5db2de9,BIBLIOTECA MUNICIPAL DE TUNAN MARCA,BIBLIOTECA PÚBLICA,JUNÍN,JAUJA,TUNAN MARCA,MUNICIPALIDAD DISTRITAL DE TUNANMARCA,219,Exportar Hoja de Trabajo,512
7a48fa6b766b0ff80ee26428e94abd12f7ed4a72677eaca2eb6d2bf3c7bb9955,BIBLIOTECA CENTRAL,BIBLIOTECAS DE ENSEÑANZA SUPERIOR,CUSCO,CUSCO,CUSCO,UNIVERSIDAD NACIONAL DE ARTE DIEGO QUISPE TITO DEL CUSCO,137,Exportar Hoja de Trabajo,513
5257fa3a8f7459cfe99e5bda0093ef80a253f4e19b5b73d312ee1838a77380cf,BIBLIOTECA MUNICIPAL DE MOHO,BIBLIOTECA PÚBLICA,PUNO,MOHO,MOHO,MUNICIPALIDAD PROVINCIAL DE MOHO,421,Exportar Hoja de Trabajo,514
54cde4ec0bb304b63521864adc756a2f06e1c15a4a297f5578e79dadc4275cac,BIBLIOTECA MUNICIPAL DEL CENTRO CULTURAL DE MACHUPICCHU “CCM”,BIBLIOTECA PÚBLICA,CUSCO,URUBAMBA,MACHUPICCHU,MUNICIPALIDAD DISTRITAL DE MACHUPICCHU,153,Exportar Hoja de Trabajo,515
d9e9a34a0877a0c3b386cfbf03a1bc60eaa11fe2638f3ba8d5e93e73343cdd39,BIBLIOTECA RURAL PAMPACCAHUA,BIBLIOTECA PÚBLICA,CUSCO,URUBAMBA,MACHUPICCHU,MUNICIPALIDAD DISTRITAL DE MACHUPICCHU,153,Exportar Hoja de Trabajo,516
eddece94b3ccc11b52692000c90d6425e4a37c8b46b5b6175612206a4638f66c,BIBLIOTECA DE FILOSOFÍA Y HUMANIDADES,BIBLIOTECAS DE ENSEÑANZA SUPERIOR,AREQUIPA,AREQUIPA,AREQUIPA,UNIVERSIDAD NACIONAL DE SAN AGUSTIN,53,Exportar Hoja de Trabajo,517
94100031eec8e5554edf4503725560fe3ea872ecf07360809e952297723a4a39,"BIBLIOTECA PUBLICA MUNICIPAL ""MANUEL ELÍAS PEDROZA BOLUARTE""",BIBLIOTECA PÚBLICA,HUANCAVELICA,CHURCAMPA,CHURCAMPA,MUNICIPALIDAD PROVINCIAL CHURCAMPA,163,Exportar Hoja de Trabajo,518
559de2f59f0dc67e7ca2acca53dfc3b2259991df78101935ce9a2fff3185f29d,BIBLIOTECA PÚBLICA MUNICIPAL DE PAUCARBAMBA,BIBLIOTECA PÚBLICA,HUANCAVELICA,CHURCAMPA,PAUCARBAMBA,MUNICIPALIDAD DISTRITAL DE PAUCARBAMBA,165,Exportar Hoja de Trabajo,519
b219d71e10ed2ad342ef4f7e840aa83df4dbb960a64dd8edb6c625475d52a648,"BILIOTECA PUBLICA MUNICIPAL ""CESAR VALLEJO""",BIBLIOTECA PÚBLICA,HUANCAVELICA,CHURCAMPA,ANCO,MUNICIPALIDAD DISTRITAL DE ANCO,162,Exportar Hoja de Trabajo,520
f3e9b4f4d3346c50217f81667de1dc82b7458ba7a634f4ca00de7b11fa96cdba,BIBLIOTECA PÚBLICA MUNICIPAL HOGAR DE LA PALABRA,BIBLIOTECA PÚBLICA,HUANCAVELICA,CHURCAMPA,EL CARMEN,MUNICIPALIDAD DISTRITAL DE EL CARMEN,164,Exportar Hoja de Trabajo,521
d37079b05c4174f932a01531f589585c66c2b49cf380245cd016b76ee28220d9,BIBLIOTECA MUNICIPAL DE LA PROVINCIA DE CALCA,BIBLIOTECA PÚBLICA,CUSCO,CALCA,CALCA,MUNICIPALIDAD PROVINCIAL DE CALCA,127,Exportar Hoja de Trabajo,522
071e3583e25aac859fd82568718defea01b54bc34dd755b29dd8b9bafea99a3c,"BIBLIOTECA PÚBLICA MUNICIPAL ""UCHIZA CIUDAD DE LECTORES""",BIBLIOTECA PÚBLICA,SAN MARTÍN,TOCACHE,UCHIZA,MUNICIPALIDAD DISTRITAL DE UCHIZA,450,Exportar Hoja de Trabajo,523
f97343d36c7a3d23261339d8d886985d1638468748cb22a4f391f26fab8c7af4,BIBLIOTECA PÚBLICA MUNICIPAL DE RONDOS,BIBLIOTECA PÚBLICA,HUÁNUCO,LAURICOCHA,RONDOS,MUNICIPALIDAD DISTRITAL DE RONDOS,184,Exportar Hoja de Trabajo,524
5176af5eb053c33da85eb253739bcc1eb6f81988b64e0b7d64fd3ffbbc4d1187,"BIBLIOTECA MUNICIPAL ""SEMBRANDO FUTURO""",BIBLIOTECA PÚBLICA,HUÁNUCO,PACHITEA,UMARI,MUNICIPALIDAD DISTRITAL DE UMARI,191,Exportar Hoja de Trabajo,525
22277db69bb8bbbe8e0cb397c6fdf0e2213d784fb2ed290205083784aef5d1c7,BIBLIOTECA MUNICIPAL NIÑO JESÚS,BIBLIOTECA PÚBLICA,HUÁNUCO,LAURICOCHA,JESUS,MUNICIPALIDAD PROVINCIAL DE LAURICOCHA,183,Exportar Hoja de Trabajo,526
7272a35e4ffb738a99887ee438e4b626b8c1f7c9feb01cf1e56c873ae2cdfffd,"BIBLIOTECA MUNICIPAL JACAS CHICO ""LOS YAROS""",BIBLIOTECA PÚBLICA,HUÁNUCO,YAROWILCA,JACAS CHICO,MUNICIPALIDAD DISTRITAL DE JACAS CHICO,197,Exportar Hoja de Trabajo,527
322cf02daa7cfa4680141e61c33f9a1e3112f8787bcad16a6f1cb1f08651b9f7,"BIBLIOTECA MUNICIPAL ""CASA DEL SABER QUISQUI - KICHKI""",BIBLIOTECA PÚBLICA,HUÁNUCO,HUÁNUCO,QUISQUI,MUNICIPALIDAD DISTRITAL DE QUISQUI (KICHKI),182,Exportar Hoja de Trabajo,528
d874a9921c725aa84b20ff342ef462d1c75a1f07f17ab3bbe0c589f39a25d888,UNIDAD DE BIBLIOTECA,BIBLIOTECAS DE ENSEÑANZA SUPERIOR,HUANCAVELICA,HUANCAVELICA,HUANCAVELICA,UNIVERSIDAD NACIONAL DE HUANCAVELICA,167,Exportar Hoja de Trabajo,529
341e061a9982737a33231813666086ea8aa30c9c06daffa8826c6df2177ad0ad,BIBLIOTECA ESPECIALIZADA DE BIOLOGIA,BIBLIOTECAS DE ENSEÑANZA SUPERIOR,CUSCO,CUSCO,CUSCO,UNIVERSIDAD NACIONAL DE SAN ANTONIO ABAD DEL CUSCO,137,Exportar Hoja de Trabajo,530
40244d254a4e822050577ab961edeec24fbf71f8ef6ec7c31d881d99f2372a6b,BIBLIOTECA CENTRAL UNAMAD,BIBLIOTECAS DE ENSEÑANZA SUPERIOR,MADRE DE DIOS,TAMBOPATA,TAMBOPATA,UNIV NACIONAL AMAZONICA DE MADRE DE DIOS,353,Exportar Hoja de Trabajo,531
bbfaa1fe4ee8b6d127f444eda593754edffdba90202717a4118fce30b5d5227c,"BIBLIOTECA PÚBLICA MUNICIPAL ""REYNALDO MAX SANTOS GRANADOS!",BIBLIOTECA PÚBLICA,LIMA,HUAROCHIRÍ,SAN MATEO,MUNICIPALIDAD DE SAN MATEO,294,Exportar Hoja de Trabajo,532
e9de38b4c521d04a6f8409422e2c29a7dd897d4ded95d068ba548e6b2276a2b9,"BIBLIOTECA PÚBLICA MUNICIPAL DE CHICLA ""LA CASA DE LA CULTURA""",BIBLIOTECA PÚBLICA,LIMA,HUAROCHIRÍ,CHICLA,MUNICIPALIDAD DISTRITAL DE CHICLA,292,Exportar Hoja de Trabajo,533
0d0aaef3fb3c95b2076b30efea8924a0c862be7b9fe679a70036d787fe519cc7,BIBLIOTECA PUBLICA MUNICIPAL CORNELIO HUARIPAUCAR,BIBLIOTECA PÚBLICA,AYACUCHO,HUANCA SANCOS,SANTIAGO DE LUCANAMARCA,MUNICIPALIDAD DISTRITAL DE SANTIAGO DE LUCANAMARCA,82,Exportar Hoja de Trabajo,534
7b3928d01039f61c6d1c904f1d47a1179d75d71584627ba22b22938573f53a40,BIBLIOTECA CENTRAL USMP,BIBLIOTECAS DE ENSEÑANZA SUPERIOR,LIMA,LIMA,SANTA ANITA,UNIVERSIDAD DE SAN MARTIN DE PORRES,329,Exportar Hoja de Trabajo,535
e6d42ec231d03f4ca2a73c2de145bec351db5d178139f50b6b1e8828647e71a0,BIBLIOTECA MUNICIPAL SAN MIGUEL ARCANGEL,BIBLIOTECA PÚBLICA,AYACUCHO,LA MAR,SAN MIGUEL,MUNICIPALIDAD PROVINCIAL DE LA MAR,87,Exportar Hoja de Trabajo,536
72ab6b8a8b06e350bbd7adbd06f81a5da0c9c2aa49696d1287bf8f47b71f33ac,BIBLIOTECA PADRE DIONISIO QUIROZ TEQUÉN,BIBLIOTECAS DE ENSEÑANZA SUPERIOR,LAMBAYEQUE,CHICLAYO,CHICLAYO,UNIVERSIDAD CATOLICA SANTO TORIBIO DE MOGROVEJO,257,Exportar Hoja de Trabajo,537
f818ef334bbc66267c8ede72b34958e5f4b16a4b2a1c66f64731fb4ff0f15e6c,"BIBLIOTECA MUNICIPAL ""HOY UN LECTOR, MAÑANA UN LÍDER""",BIBLIOTECA PÚBLICA,LAMBAYEQUE,LAMBAYEQUE,OLMOS,MUNICIPALIDAD DISTRITAL DE OLMOS,274,Exportar Hoja de Trabajo,538
13a89ed649f6d474bb5f8ccfb6020225540c164f1f299576807176b3f10e65a4,UNIBAGUA,BIBLIOTECAS DE ENSEÑANZA SUPERIOR,AMAZONAS,BAGUA,BAGUA,UNIVERSIDAD NACIONAL INTERCULTURAL FABIOLA SALAZAR LEGUÍA DE BAGUA,1,Exportar Hoja de Trabajo,539
45c5466e05522fe0fb1e0f5d1bec82922fcbbbd86d9ea478a2a3aa048f4ec6c3,"BIBLIOTECA PÚBLICA MUNICIPAL ""BASILIO AUQUI"" DE CANGALLO",BIBLIOTECA PÚBLICA,AYACUCHO,CANGALLO,CANGALLO,MUNICIPALIDAD PROVINCIAL DE CANGALLO,75,Exportar Hoja de Trabajo,540
a5cdadf199208c4da28b0146d6cb3e4a53dd70866ab51842cd7963931848caad,"BIBLIOTECA PÚBLICA MUNICIPAL ""DULCE HOGAR DEL SABER""",BIBLIOTECA PÚBLICA,HUÁNUCO,MARAÑÓN,LA MORADA,MUNICIPALIDAD DISTRITAL DE LA MORADA,188,Exportar Hoja de Trabajo,541
2bff4ec65a25a38a2004699341a5f71799259a78f8c4e8f36f7f0667e404f8aa,"BIBLIOTECA MUNICIPAL ""GAUDENCIO ALDAVE DE LA CRUZ"" LLAMACHUPAN-ACAS",BIBLIOTECA PÚBLICA,ÁNCASH,OCROS,ACAS,MUNICIPALIDAD DISTRITAL DE ACAS,496,Exportar Hoja de Trabajo,542
514ce47c1f9d54aadd637442f42f3809c9118f5f7b107e189bbc81e4280f7eb4,BIBLIOTECA CENTRAL DEL ÁREA DE BIOMÉDICAS,BIBLIOTECAS DE ENSEÑANZA SUPERIOR,AREQUIPA,AREQUIPA,AREQUIPA,UNIVERSIDAD NACIONAL DE SAN AGUSTIN,53,Exportar Hoja de Trabajo,543
dfa8c778e5ca65db5fcc00a1e91f56b257e6e42f37fc038ac34a9b1cd1cf498d,"BIBLIOTECA MUNICIPAL DE SIHUAS ""ALEJANDRO FONTENLA GONZALEZ""",BIBLIOTECA PÚBLICA,ÁNCASH,SIHUAS,SIHUAS,MUNICIPALIDAD PROVINCIAL DE SIHUAS,508,Exportar Hoja de Trabajo,544
a23d49e827de0cc7d6df6e322cf47b009bb07665f237e600f0a6b0e3a1918e16,BIBLIOTECA PUBLICA MUNICIPAL CIRO NAPANGA AGÜERO,BIBLIOTECA PÚBLICA,LIMA,YAUYOS,YAUYOS,MUNICIPALIDAD PROVINCIAL DE YAUYOS,336,Exportar Hoja de Trabajo,545
c5cbfb0c1653695648d67464d36e334debc9ebad4827a197537a1733811c32e1,BIBLIOTECA MUNICIPAL YAGUAS,BIBLIOTECA PÚBLICA,LORETO,PUTUMAYO,YAGUAS,MUNICIPALIDAD DISTRITAL DE YAGUAS,347,Exportar Hoja de Trabajo,546
aa70d97927c7411a229790faccf1f51dafb8577e55f79790b258a84c5adb97f7,BIBLIOTECA PÚBLICA MUNICIPAL JESUS NAZARENO,BIBLIOTECA PÚBLICA,AYACUCHO,HUAMANGA,JESUS NAZARENO,MUNICIPALIDAD DISTRITAL JESUS NAZARENO,78,Exportar Hoja de Trabajo,547
8206a542519234b87ac939f68dced31b28c0e660a2b360543057e5f59f9e5ae4,"BIBLIOTECA MUNICIPAL ""LA CASA DEL SABER""",BIBLIOTECA PÚBLICA,LORETO,PUTUMAYO,TENIENTE MANUEL CLAVERO,MUNICIPALIDAD DISTRITAL TENIENTE MANUEL CLAVERO,346,Exportar Hoja de Trabajo,548
b52215ecaf58f9d9d316a43f856156f0b1fe77eda6020d25608d2221e4d85e13,"BIBLIOTECA PÚBLICA MUNICIPAL ""LA MALOCA DEL SABER""",BIBLIOTECA PÚBLICA,LORETO,LORETO,TROMPETEROS,MUNICIPALIDAD DISTRITAL DE TROMPETEROS,341,Exportar Hoja de Trabajo,549
6f02430283121125d32c46807912a4d368c368361cb837455f4737af6084aa08,BIBLIOTECA PÚBLICA MUNICIPAL DE ROSA PANDURO,BIBLIOTECA PÚBLICA,LORETO,PUTUMAYO,ROSA PANDURO,MUNICIPALIDAD DISTRITAL DE ROSA PANDURO,345,Exportar Hoja de Trabajo,550
88da7b858a13561d146423d1f67620e963196969f0f698945a38c87eea2f7dbf,"BIBLIOTECA PÚBLICA MUNICIPAL ""SAN ANTONIO DEL ESTRECHO""",BIBLIOTECA PÚBLICA,LORETO,PUTUMAYO,PUTUMAYO,MUNICIPALIDAD PROVINCIAL DEL PUTUMAYO,344,Exportar Hoja de Trabajo,551
f40677dad1af34c40587979c3a3d3daea8e52693a81d048cb491395a5b3f1ab5,BIBLIOTECA PÚBLICA MUNICIPAL JORGE DIAZ PEREZ,BIBLIOTECA PÚBLICA,LORETO,UCAYALI,PAMPA HERMOSA,MUNICIPALIDAD DISTRITAL DE PAMPA HERMOSA,350,Exportar Hoja de Trabajo,552
5134b0249742862d5df6a5bd3bbd71b91898db77afb60d5cc859b32fce576d26,BIBLIOTECA LA SALLE DE ABANCAY,BIBLIOTECAS DE ENSEÑANZA SUPERIOR,APURÍMAC,ABANCAY,ABANCAY,"ESCUELA DE EDUCACIÓN SUPERIOR PEDAGÓGICA PÚBLICA ""LA SALLE"" DE ABANCAY",12,Exportar Hoja de Trabajo,553
8047ec1f0819bfe7e5d94e71b0a7c13d4684710ec0e57c37a15563d878157df4,BIBLIOTECA PÚBLICA MUNICIPAL DE CASCAPARA,BIBLIOTECA PÚBLICA,ÁNCASH,YUNGAY,CASCAPARA,MUNICIPALIDAD DISTRITAL DE CASCAPARA,509,Exportar Hoja de Trabajo,554
da686fde88552297f956db8c766b8d703a11b451984b596ae2aa6185d9c44cea,BIBLIOTECA MUNICIPAL DE MOLINO,BIBLIOTECA PÚBLICA,HUÁNUCO,PACHITEA,MOLINO,MUNICIPALIDAD DISTRITAL DE MOLINO,189,Exportar Hoja de Trabajo,555
a747b6b1f6a2c942f73ae77e16b12e7396de0a79fd6850932ede824d21f47a04,BIBLIOTECA MUNICIPAL CENTRO DEL SABER Y FORTALECIMIENTO HUMANO,BIBLIOTECA PÚBLICA,HUÁNUCO,HUACAYBAMBA,HUACAYBAMBA,MUNICIPALIDAD PROVINCIAL DE HUACAYBAMBA,176,Exportar Hoja de Trabajo,556
58e1ab96cee0bb548ecf6439df9ca0757d37b2bb19fe596b7444beb27c30f0f7,VIRGEN DEL CARMEN,BIBLIOTECA PÚBLICA,PASCO,PASCO,SAN FCO.DE ASIS DE YARUSYACAN,MUNICIPALIDAD DEL CENTRO POBLADO VALLE DE JUNIPALCA,365,Exportar Hoja de Trabajo,557
dbf20ef41913b3ffcc338ffd4a8c75912351503896004e6ec18b2b5127349cc6,BIBLIOTECA MUNICIPAL DEL DISTRITO DE MARCABAMBA,BIBLIOTECA PÚBLICA,AYACUCHO,PÁUCAR DEL SARA SARA,MARCABAMBA,MUNICIPALIDAD DISTRITAL DE MARCABAMBA,91,Exportar Hoja de Trabajo,558
c4ad2a96ca0456c6f1254fa13c73250bb425cfebd6059456035465fac6d74bf8,BIBLIOTECA PÚBLICA MUNICIPAL NUESTRO SEÑOR DE HUAMANTANGA,BIBLIOTECA PÚBLICA,LIMA,CANTA,HUAMANTANGA,MUNICIPALIDAD DISTRITAL DE HUAMANTANGA,283,Exportar Hoja de Trabajo,559
9a6771b3267c23b003429185064c1eb79989905e0745ce0c9a4f42ee13d42fd4,BIBLIOTECA PUBLICA MUNICIPAL PABLO OSORIO RAMIREZ,BIBLIOTECA PÚBLICA,ÁNCASH,HUARAZ,LA LIBERTAD,MUNICIPALIDAD DISTRITAL DE LA LIBERTAD,484,Exportar Hoja de Trabajo,560
625342b7830a8db5f9c3b7dd7630461fc858492ef5724d035e81bb4f7588adec,"BIBLIOTECA PÚBLICA MUNICIPAL ""FIDEL TUESTA MENDOZA""",BIBLIOTECA PÚBLICA,SAN MARTÍN,HUALLAGA,SAPOSOA,MUNICIPALIDAD PROVINCIAL DE HUALLAGA,434,Exportar Hoja de Trabajo,561
ce560c7776eaed3f9557e7fa459c260597e8849f050c8878a9c4d5a561437a79,BIBLIOTECA PÚBLICA MUNICIPAL DISTRITAL DE YAMBRASBAMBA,BIBLIOTECA PÚBLICA,AMAZONAS,BONGARÁ,YAMBRASBAMBA,MUNICIPALIDAD DISTRITAL YAMBRASBAMBA,3,Exportar Hoja de Trabajo,562
69310302e18914bd16d5515e9b232b9ec752903741a2580500f270566761f952,BIBLIOTECA PÚBLICA MUNICIPAL DE IÑAPARI,BIBLIOTECA PÚBLICA,MADRE DE DIOS,TAHUAMANU,IÑAPARI,MUNICIPALIDAD PROVINCIAL DE TAHUAMANU,352,Exportar Hoja de Trabajo,563
858ba362bfd1d916761e8d91fbb52a10b60ad5b440293940a66facbad8e9b94d,BIBLIOTECA PÚBLICA MUNICIPAL JULIO MIRANDA BERNAL,BIBLIOTECA PÚBLICA,CUSCO,QUISPICANCHI,ANDAHUAYLILLAS,MUNICIPALIDAD DISTRITAL DE ANDAHUAYLILLAS,149,Exportar Hoja de Trabajo,564
e168916987ed2a65847b8b276560dcf59ddfa99bafcac3e1ffaf971a63955be8,BIBLIOTECA NACIONAL DANIEL ALOMÍA ROBLES,BIBLIOTECAS DE ENSEÑANZA SUPERIOR,HUÁNUCO,HUÁNUCO,HUANUCO,UNIVERSIDAD NACIONAL DANIEL ALOMÍA ROBLES,180,Exportar Hoja de Trabajo,565
3e540852baa9b6b989e16eb1a5162549906cb194c728d0d4a99b5329634c8605,BIBLIOTECA MUNICIPAL DE LAMAS,BIBLIOTECA PÚBLICA,SAN MARTÍN,LAMAS,LAMAS,MUNICIPALIDAD PROVINCIAL DE LAMAS,435,Exportar Hoja de Trabajo,566
56d311a1000669d5d6fdb31b0129906a3bd6d6db6447ea35f42baecaadab565e,BIBLIOTECA PÚBLICA MUNICIPAL EL SANTUARIO DEL SABER,BIBLIOTECA PÚBLICA,CAJAMARCA,SAN IGNACIO,TABACONAS,MUNICIPALIDAD DISTRITAL DE TABACONAS,110,Exportar Hoja de Trabajo,567
ad0369b680f06162f8236e781bb9dd722788002de777a4b550380eeed86201fd,BIBLIOTECA PUBLICA MUNICIPAL DE SHUPLUY,BIBLIOTECA PÚBLICA,ÁNCASH,YUNGAY,SHUPLUY,MUNICIPALIDAD DISTRITAL DE SHUPLUY,510,Exportar Hoja de Trabajo,568
f4e996a5247ebb09ffd9db04d9aa64d0eec79d3a0b9150e9edb4121530937e7e,BIBLIOTECA DE LA FACULTAD DE CIENCIAS FÍSICAS DE LA UNIVERSIDAD NACIONAL MAYOR DE SAN MARCOS,BIBLIOTECAS DE ENSEÑANZA SUPERIOR,LIMA,LIMA,LIMA,UNIVERSIDAD NACIONAL MAYOR DE SAN MARCOS,313,Exportar Hoja de Trabajo,569
7f168d75430f1e55ee5848b7ea654d0eaf0ce206c63716a8948df99a16aedf94,BIBLIOTECA DISTRITAL DE SAMUEL PASTOR,BIBLIOTECA PÚBLICA,AREQUIPA,CAMANÁ,SAMUEL PASTOR,MUNICIPALIDAD DISTRITAL SAMUEL PASTOR,63,Exportar Hoja de Trabajo,570
0fd151a089861d4125342a44a01ca2d7dbbe25dcb19a8adc636c5d2816bda825,BIBLIOTECA PÚBLICA MUNICIPAL DE LA PROVINCIA DE YUNGAY,BIBLIOTECA PÚBLICA,ÁNCASH,YUNGAY,YUNGAY,MUNICIPALIDAD PROVINCIAL DE YUNGAY,511,Exportar Hoja de Trabajo,571
15ee20d68422d1152e849e1498d5fcb5d438255bc15d51b774ae5ed9997352a4,BIBLIOTECA MUNICIPAL WALTER MIGUEL ÁVILA QUISPE,BIBLIOTECA PÚBLICA,PUNO,CARABAYA,MACUSANI,MUNICIPALIDAD PROVINCIAL DE CARABAYA,411,Exportar Hoja de Trabajo,572
0b2b710da7d45bfb8a2ff5189652527fdf64260bd8a7bf13716fe6bab0da250e,BIBLIOTECA MUNICIPAL Y VIRTUAL DE PARURO,BIBLIOTECA PÚBLICA,CUSCO,PARURO,PARURO,MUNICIPALIDAD PROVINCIAL DE PARURO,147,Exportar Hoja de Trabajo,573
e185942debd6b4afc13d595755c1163dc59cfc2151c5b350744ba9346225f6f5,BIBLIOTECA DE LA UNIVERSIDAD PERUANA UNIÓN,BIBLIOTECAS DE ENSEÑANZA SUPERIOR,LIMA,LIMA,LURIGANCHO,UNIVERSIDAD PERUANA UNION,316,Exportar Hoja de Trabajo,574
9d00a69ac6b9721bb8f5e154b6d36d8b8bfdd623ec401186fa440d001a937a90,BIBLIOTECA ESCOLAR DE LA I.E. INCA GARCILASO DE LA VEGA,BIBLIOTECA ESCOLAR,CUSCO,CUSCO,CUSCO,INSTITUCION EDUCATIVA INCA GARCILASO DE LA VEGA,137,Exportar Hoja de Trabajo,575
5bea40c5386d6b575e9cbf7acd2c6ec5598651003b439de799251097bc28b22c,"BIBLIOTECA PÚBLICA MUNICIPAL ""MONTECRISTO SHUNTE""",BIBLIOTECA PÚBLICA,SAN MARTÍN,TOCACHE,SHUNTE,MUNICIPALIDAD PROVINCIAL TOCACHE,449,Exportar Hoja de Trabajo,576
e967abad51a88ac80d46b2cd41201e074865c6ceef9ef0b04296acec59ca2cb3,"BIBLIOTECA MUNICIPAL ""MARCIANO PEREZ GUEVARA""",BIBLIOTECA PÚBLICA,SAN MARTÍN,TOCACHE,NUEVO PROGRESO,MUNICIPALIDAD DISTRITAL DE NVO PROGRESO,447,Exportar Hoja de Trabajo,577
0a0f5d98957f4de61ffe6092eee316282a213c57d4b341b9b5efd6747f244b0d,"BIBLIOTECA MUNICIPAL ""LIBRO ABIERTO""",BIBLIOTECA PÚBLICA,CUSCO,CANAS,YANAOCA,MUNICIPALIDAD PROVINCIAL CANAS YANAOCA,133,Exportar Hoja de Trabajo,578
66f87472c33fec011baaa184df3365f2711875cb046a7978d69816275bd3ad3b,BIBLIOTECA MUNICIPAL DE ACOS,BIBLIOTECA PÚBLICA,CUSCO,ACOMAYO,ACOS,MUNICIPALIDAD DISTRITAL DE ACOS,124,Exportar Hoja de Trabajo,579
8df31ce1e66db36ef5b0b0fc1087c0ce7cd4856d4c55c6c90637f5ff80946b55,BIBLIOTECA MUNICIPAL MERCADO VINOCANCHON DE SAN JERÓNIMO,BIBLIOTECA PÚBLICA,CUSCO,CUSCO,SAN JERONIMO,MUNICIPALIDAD DISTRI. DE SAN JERONIMO,139,Exportar Hoja de Trabajo,580
9dd4e0a4c03ba066a4ba396dd89d60d71b145359f6a9ef3d544a4cc3826dbb2e,BIBLIOTECA MUNICIPAL SUCSO AUCCAYLLE DE SAN JERÓNIMO,BIBLIOTECA PÚBLICA,CUSCO,CUSCO,SAN JERONIMO,MUNICIPALIDAD DISTRI. DE SAN JERONIMO,139,Exportar Hoja de Trabajo,581
9a7dce6e4db566937c61cb4360892f8987f236afd84e5d939858b8b19f052dd7,BIBLIOTECA MUNICIPAL PILLAO MATAO DE SAN JERÓNIMO,BIBLIOTECA PÚBLICA,CUSCO,CUSCO,SAN JERONIMO,MUNICIPALIDAD DISTRI. DE SAN JERONIMO,139,Exportar Hoja de Trabajo,582
d2e0dd78730cf05aab40f231af4e1741491ce0ed36a6ce96e6dcef174c268e91,BIBLIOTECA MUNICIPAL CCOLLANA CHAHUANCCOSCCO DE SAN JERÓNIMO,BIBLIOTECA PÚBLICA,CUSCO,CUSCO,SAN JERONIMO,MUNICIPALIDAD DISTRI. DE SAN JERONIMO,139,Exportar Hoja de Trabajo,583
6ae9cf27a6a50efd5deec943ff2795c72ffd553ed416cc3464b4359161ee0f42,BIBLIOTECA MUNICIPAL CCACHUPATA DE SAN JERÓNIMO,BIBLIOTECA PÚBLICA,CUSCO,CUSCO,SAN JERONIMO,MUNICIPALIDAD DISTRI. DE SAN JERONIMO,139,Exportar Hoja de Trabajo,584
dd62b043c30e20687bf2bc9c54e28c02fa008a57dc4a02595c872b0175b83eeb,BIBLIOTECA MUNICIPAL CCONCHACALLA DE SAN JERÓNIMO,BIBLIOTECA PÚBLICA,CUSCO,CUSCO,SAN JERONIMO,MUNICIPALIDAD DISTRI. DE SAN JERONIMO,139,Exportar Hoja de Trabajo,585
f9eb03a8156a89d6c97b7d06105c1cdf748f8e1d5eafddc14b730e8209745356,BIBLIOTECA MUNICIPAL USPABAMBA DE SAN JERÓNIMO,BIBLIOTECA PÚBLICA,CUSCO,CUSCO,SAN JERONIMO,MUNICIPALIDAD DISTRI. DE SAN JERONIMO,139,Exportar Hoja de Trabajo,586
5e2dc54b7efa1239a69995bd6b3deff3fbeb95d7ba5a25a11db92acf98f224dc,BIBLIOTECA MUNICIPAL SUNCCO DE SAN JERÓNIMO,BIBLIOTECA PÚBLICA,CUSCO,CUSCO,SAN JERONIMO,MUNICIPALIDAD DISTRI. DE SAN JERONIMO,139,Exportar Hoja de Trabajo,587
103090550ea8f21955e6461d5159af1e8a48cbdcfc8eeaafbf287d8fb1f6eb0a,BIBLIOTECA MUNICIPAL PALLPANCCAY DE SAN JERÓNIMO,BIBLIOTECA PÚBLICA,CUSCO,CUSCO,SAN JERONIMO,MUNICIPALIDAD DISTRI. DE SAN JERONIMO,139,Exportar Hoja de Trabajo,588
5f95a0604f82c830bf73f46585c85387f1164f5cb9813ced592a19b260df18d8,BIBLIOTECA MUNICIPAL WILFREDO AGUILA CHAPILLIQUEN VICE - SAN JOSE,BIBLIOTECA PÚBLICA,PIURA,SECHURA,VICE,MUNICIPALIDAD DISTRITAL DE VICE,396,Exportar Hoja de Trabajo,589
5808594acb56761c354c839089af4a95d7f0ad99f968a1ee55a820bb93c617ea,"BIBLIOTECA PUBLICA MUNICIPAL ""ABRAHAM VALDEMORAR""",BIBLIOTECA PÚBLICA,PIURA,PAITA,LA HUACA,MUNICIPALIDAD DISTRITAL DE LA HUACA,381,Exportar Hoja de Trabajo,590
7ad3cc314cf9f6b15fcbd01fd23dfa127cf1c979648f6d1fe8249e9db9660045,BIBLIOTECA MUNICIPAL DE HUAYTARA,BIBLIOTECA PÚBLICA,HUANCAVELICA,HUAYTARÁ,HUAYTARA,MUNICIPALIDAD PROVINCIAL DE HUAYTARA,171,Exportar Hoja de Trabajo,591
e7c0b50c069ce759805e7edab69b9a3ba3e56f3c55c4ae55c9270fef70713934,"BIBLIOTECA MUNICIPAL ""HÉROES DE AZAPAMPA""",BIBLIOTECA PÚBLICA,JUNÍN,HUANCAYO,CHILCA,MUNICIPALIDAD DISTRITAL DE CHILCA,213,Exportar Hoja de Trabajo,592
6e9369f76b781ef2b0ae2bd451b8ccb29753283fd9f303c2d341a29bdaaef2c9,"BIBLIOTECA MUNICIPAL ""JOSE MARIA ESCRIVÁ DE BALAGUER""",BIBLIOTECA PÚBLICA,LIMA,CAÑETE,CERRO AZUL,MUNICIPALIDAD DISTRITRAL DE CERRO AZUL,285,Exportar Hoja de Trabajo,593
4f925f826bbe214fbac8fa3fac1def70282811d457c160959e3d1256eed8c072,BIBLIOTECA PÚBLICA MUNICIPAL DE EL DORADO,BIBLIOTECA PÚBLICA,SAN MARTÍN,EL DORADO,SAN JOSE DE SISA,MUNICIPALIDAD PROVINCIAL DE EL DORADO,432,Exportar Hoja de Trabajo,594
21fdaa0b5f82cc127d165bdc5d3888b18be5084b2446caca3cb5e0f4967f0f92,"BIBLIOTECA PÚBLICA MUNICIPAL ""JULIO C. TELLO""",BIBLIOTECA PÚBLICA,LIMA,HUAROCHIRÍ,MATUCANA,MUNICIPALIDAD PROVINCIAL DE HUAROCHIRI MATUCANA,293,Exportar Hoja de Trabajo,595
7c974e10876ca12790ff74bbb38baca638bbe3827fd6c8fd23de3ec4923581c9,"BIBLIOTECA PÚBLICA MUNICIPAL ""MARISCAL CÁCERES - JUANJUI""",BIBLIOTECA PÚBLICA,SAN MARTÍN,MARISCAL CÁCERES,JUANJUI,MUNICIPALIDAD PROVINCIAL DE MARISCAL CACERES,437,Exportar Hoja de Trabajo,596
923ad7d78d11be81a3298ea727f863207dc6a095fa14e80a6114210a8ab295af,"BIBLIOTECA PUBLICA MUNICIPAL ""JORGE BASADRE"" - LOCUMBA",BIBLIOTECA PÚBLICA,TACNA,JORGE BASADRE,LOCUMBA,MUNICIPALIDAD PROVINCIAL JORGE BASADRE,452,Exportar Hoja de Trabajo,597
9ef305e8fdb3506df7d2e55a71b1d53c413ccd939f7c2b16444d5d276db8a4ed,"BIBLIOTECA PÚBLICA MUNICIPAL ""HILDEBRANDO GARCÍA VELÁSQUEZ""",BIBLIOTECA PÚBLICA,SAN MARTÍN,PICOTA,PICOTA,MUNICIPALIDAD PROVINCIAL DE PICOTA,440,Exportar Hoja de Trabajo,598
8d4fde988c025558aa03b90f84037741e5d20bb52585a404133214e69d9a4396,BIBLIOTECA PÚBLICA MUNICIPAL DE LA PROVINCIA DE CASTROVIRREYNA,BIBLIOTECA PÚBLICA,HUANCAVELICA,CASTROVIRREYNA,CASTROVIRREYNA,MUNICIPALIDAD PROVINCIAL CASTROVIRREYNA,160,Exportar Hoja de Trabajo,599
e9848512aa16001fb1cc2921e9e041f78a40dc1fd7fa1bd47f56862e4ab07a71,"BIBLIOTECA PÚBLICA MUNICIPAL ""DOS DE MAYO""",BIBLIOTECA PÚBLICA,HUÁNUCO,DOS DE MAYO,LA UNION,MUNICIPALIDAD PROVINCIAL DOS DE MAYO,175,Exportar Hoja de Trabajo,600
2dc4e9f257a3fee9672518fa696d8789824f99394c4d27c5f837c12b0342a27e,"BIBLIOTECA PÚBLICA MUNICIPAL ""PROF. SAMUEL GARRIDO FUERTES""",BIBLIOTECA PÚBLICA,LIMA,CANTA,CANTA,MUNICIPALIDAD PROVINCIAL DE CANTA,282,Exportar Hoja de Trabajo,601
9727800306810a18b266374f565d7398ddeb1ddd737eb9f6944c088df7138345,BIBLIOTECA PÚBLICA MUNICIPAL DE LA PROVINCIA DE CORONGO,BIBLIOTECA PÚBLICA,ÁNCASH,CORONGO,CORONGO,MUNICIPALIDAD PROVINCIAL DE CORONGO,480,Exportar Hoja de Trabajo,602
cfb9cee5ff0d7185a4715552e27ef9136a3dbae3877859d25385ec10a8559e4f,BIBLIOTECA PÚBLICA MUNICIPAL DE LA PROVINCIA DE POMABAMBA,BIBLIOTECA PÚBLICA,ÁNCASH,POMABAMBA,POMABAMBA,MUNICIPALIDAD PROVINCIAL DE POMABAMBA,501,Exportar Hoja de Trabajo,603
295bca8ff1134502fc5b7d0c6f2c3e18ce6fea4515cb51048700781f7f6ae095,"BIBLIOTECA PÚBLICA MUNICIPAL ""HOGAR DE LAS PALABRAS""",BIBLIOTECA PÚBLICA,AYACUCHO,SUCRE,QUEROBAMBA,MUNICIPALIDAD PROVINCIAL DE SUCRE,93,Exportar Hoja de Trabajo,604
3042d21175b09c0978f6db0af0b8e1f3dac38d742456a50d62a59af991bf6017,BIBLIOTECA CENTRAL JAIME HERNÁNDEZ SOUZA,BIBLIOTECAS DE ENSEÑANZA SUPERIOR,LAMBAYEQUE,LAMBAYEQUE,LAMBAYEQUE,UNIVERSIDAD NACIONAL PEDRO RUIZ GALLO,271,Exportar Hoja de Trabajo,605
465d93d39e78564dce90eb310778247b062f083f8c245f960978eac9c2e54a3a,BIBLIOTECA MUNCIPAL DE SAN HILARION,BIBLIOTECA PÚBLICA,SAN MARTÍN,PICOTA,SAN HILARION,MUNICIPALIDAD DISTRITAL SAN HILARION,441,Exportar Hoja de Trabajo,606
3a1a2edd33ddd4dd54f299ea2851ddcf3b4ab1d03948362c8fb4583cabc326ff,"BIBLIOTECA PÚBLICA MUNICIPAL ""SEÑOR DE GUALAMITA""",BIBLIOTECA PÚBLICA,AMAZONAS,LUYA,LAMUD,MUNICIPALIDAD PROVINCIAL LUYA LAMUD,8,Exportar Hoja de Trabajo,607
d8947e013712f12ac93fc458f7898a8ba3f64d6c44b6a5e774e263d77f2cbaa3,"BIBLIOTECA PÚBLICA MUNICIPAL ""ACOBAMBA""",BIBLIOTECA PÚBLICA,HUANCAVELICA,ACOBAMBA,ACOBAMBA,MUNICIPALIDAD PROVINCIAL ACOBAMBA,155,Exportar Hoja de Trabajo,608
8a3b22b4e3cc0111b3a2f14f33902c266354e13c914ba040739cbe3d937b4ea6,"BIBLIOTECA PÚBLICA MUNICIPAL ""EL ARTE DE EDUCAR""",BIBLIOTECA PÚBLICA,LA LIBERTAD,BOLÍVAR,BOLIVAR,MUNICIPALIDAD PROVINCIAL DE BOLIVAR,233,Exportar Hoja de Trabajo,609
8916f9f6685135b415bfb197a1cb48bcb21f523dce7483435bd70402054073e0,"BIBLIOTECA PÚBLICA MUNICIPAL DE ASCOPE ""SANSON DÉVERA PRETELL""",BIBLIOTECA PÚBLICA,LA LIBERTAD,ASCOPE,ASCOPE,MUNICIPALIDAD PROVINCIAL DE ASCOPE,231,Exportar Hoja de Trabajo,610
6983e698dfa2dc5c4ccefc1553a2b5132bb0e77937fac49397818d335a3e7717,BIBLIOTECA PÚBLICA MUNICIPAL SAMUEL CÁRDICH DE LA PROVINCIA DE MARAÑÓN,BIBLIOTECA PÚBLICA,HUÁNUCO,MARAÑÓN,HUACRACHUCO,MUNICIPALIDAD PROVINCIAL DEL MARAÑÓN,187,Exportar Hoja de Trabajo,611
874ddf62ec84802143293f220ee54e07608e0b1b9b1adb58a37b306870f85140,BIBLIOTECA PÚBLICA MUNICIPAL ARTURO YSMAEL OVIEDO OVIEDO,BIBLIOTECA PÚBLICA,MOQUEGUA,GENERAL SÁNCHEZ CERRO,OMATE,MUNICIPALIDAD PROVINCIAL GRAL.SANCHEZ C,354,Exportar Hoja de Trabajo,612
971e11493d2eb482983e55c02d3af3c8d37ae08665914bb8083d6a4305b2bfa7,BIBLIOTECA PÚBLICA MUNICIPAL RODRÍGUEZ DE MENDOZA,BIBLIOTECA PÚBLICA,AMAZONAS,RODRÍGUEZ DE MENDOZA,SAN NICOLAS,MUNICIPALIDAD PROVINCIAL DE RODRÍGUEZ DE MENDOZA,10,Exportar Hoja de Trabajo,613
bb6b2911333adde935f6e601bc772536b1e58426df4066bbd29e56dbe35eff02,BIBLIOTECA PÚBLICA MUNICIPAL LA PERLA DE PACHITEA,BIBLIOTECA PÚBLICA,HUÁNUCO,PUERTO INCA,PUERTO INCA,MUNICIPALIDAD PROVINCIAL DE PUERTO INCA,193,Exportar Hoja de Trabajo,614
b035b14926e434c0257e99f0bc2ed0630b97c950c11ba5933ea9102f2cbb63e4,BIBLIOTECA PÚBLICA MUNICIPAL JOSÉ AMADOR PIZANGO CONTRERAS,BIBLIOTECA PÚBLICA,MADRE DE DIOS,MANU,MANU,MUNICIPALIDAD PROVINCIAL DE MANU,351,Exportar Hoja de Trabajo,615
3f03e444d2364179e538855e8d5ad077159a8495383e440267c36769af21d735,BIBLIOTECA PÚBLICA MUNICIPAL JAVIER PULGAR VIDAL - PACHITEA,BIBLIOTECA PÚBLICA,HUÁNUCO,PACHITEA,PANAO,MUNICIPALIDAD PROVINCIAL DE PACHITEA,190,Exportar Hoja de Trabajo,616
77939b4da4f13eb11cc5173af88d110faff0f942a7a3d55352593a879be748b0,BIBLIOTECA PÚBLICA MUNICIPAL DE VILCAS HUAMÁN,BIBLIOTECA PÚBLICA,AYACUCHO,VILCAS HUAMÁN,VILCAS HUAMAN,MUNICIPALIDAD PROV DE VILCAS HUAMAN,94,Exportar Hoja de Trabajo,617
066431435640b51cee642ba6d72814d1e74eb1cffe87612e19d236081f91b307,"BIBLIOTECA PÚBLICA MUNICIPAL ""GABINO LOZANO ANTUCA""",BIBLIOTECA PÚBLICA,AMAZONAS,CONDORCANQUI,NIEVA,MUNICIPALIDAD PROVINCIAL CONDORCANQUI,6,Exportar Hoja de Trabajo,618
02524023693f7bf0655c1558a6c74a75b301faecb9d21ea9f89f8ae84428e876,BIBLIOTECA PÚBLICA MUNICIPAL ROBERTO NICOLÁS SOTO MANDAMIENTO,BIBLIOTECA PÚBLICA,AREQUIPA,CARAVELÍ,CARAVELI,MUNICIPALIDAD PROVINCIAL DE CARAVELI,66,Exportar Hoja de Trabajo,619
59e078a978e32e3588fdbbddc11e3a9c6bb3048c55edd6f37e93bbc3598f2e25,BIBLIOTECA PÚBLICA MUNICIPAL PEDRO RUIZ GALLO,BIBLIOTECA PÚBLICA,AMAZONAS,BONGARÁ,JAZAN,MUNICIPALIDAD PROVINCIAL DE BONGARA,2,Exportar Hoja de Trabajo,620
fd88fb827d3a1abe212c6e8576677ed9093160395d8cc90db06e7e5ffc4055ae,BIBLIOTECA PÚBLICA MUNICIPAL EMILIANO BELLO ÁLVARO,BIBLIOTECA PÚBLICA,ÁNCASH,ASUNCIÓN,ACOCHACA,MUNICIPALIDAD PROVINCIAL DE ASUNCION,472,Exportar Hoja de Trabajo,621
36c65d680d08dd983fdcb7fe1cf167b089fe10f391513286f0acbd2bc66433dc,BIBLIOTECA PÚBLICA MUNICIPAL FÉLIX ARMANDO MARTÍNEZ MENDOZA,BIBLIOTECA PÚBLICA,AYACUCHO,HUANCA SANCOS,SANCOS,MUNICIPALIDAD PROVINCIAL DE HUANCASANCOS,81,Exportar Hoja de Trabajo,622
5eaf50b1656f0e4efdf865d0c2a1939c31cddb53e832765fb09d79f4e9f77d78,BIBLIOTECA PÚBLICA MUNICIPAL JULIO ALZAMORA GOMERO,BIBLIOTECA PÚBLICA,ÁNCASH,OCROS,OCROS,MUNICIPALIDAD PROVINCIAL DE OCROS,497,Exportar Hoja de Trabajo,623
07058746814419e560aea83479a3e66c107c35ca14415384138f95130138d96f,BIBLIOTECA PÚBLICA MUNICIPAL ALONSO QUIJANO,BIBLIOTECA PÚBLICA,AYACUCHO,PÁUCAR DEL SARA SARA,PAUSA,MUNICIP PROVIN PAUCAR DEL SARA SARA,92,Exportar Hoja de Trabajo,624
f3face0ff0c7765bf4089c5e08c81990e6a675d7b26ddc45001f309f17f16e76,BIBLIOTECA PÚBLICA MUNICIPAL JAVIER ALVA ORLANDINI,BIBLIOTECA PÚBLICA,CAJAMARCA,SAN PABLO,SAN PABLO,MUNICIPALIDAD PROVINCIAL DE SAN PABLO,114,Exportar Hoja de Trabajo,625
4e25d1a89b1d6741ffaf90b250d813c0cdcc94c577648c31274c4f8b68963f5d,"BIBLIOTECA PÚBLICA MUNICIPAL DE CASTILLA ""JOSÉ MANUEL ESTREMADOYRO BUSTAMANTE""",BIBLIOTECA PÚBLICA,AREQUIPA,CASTILLA,APLAO,MUNICIPALIDAD PROVINCIAL DE CASTILLA,67,Exportar Hoja de Trabajo,626
8bd9a8a683dc3578b9a9ffcfa40b6fc0a681d6aa65ba0b1516af9d5841ca710b,BIBLIOTECA PÚBLICA MUNICIPAL ESTIQUE PAMPA,BIBLIOTECA PÚBLICA,TACNA,TARATA,ESTIQUE-PAMPA,MUNICIPALIDAD DISTRITAL DE ESTIQUE PAMPA,454,Exportar Hoja de Trabajo,627
fe139622f462b5a58459b820893c9f633f541214809cbf6668ec346344f497ae,BIBLIOTECA PÚBLICA MUNICIPAL DE LLIPATA,BIBLIOTECA PÚBLICA,ICA,PALPA,LLIPATA,MUNICIPALIDAD DISTRITAL DE LLIPATA,204,Exportar Hoja de Trabajo,628
90898a3477fa4b5829d82123599925d8da41d21e2c2ede12955576f9d529bda3,BIBLIOTECA PÚBLICA MUNICIPAL INDALICIO HUERTO VENTURA,BIBLIOTECA PÚBLICA,HUÁNUCO,YAROWILCA,CHAVINILLO,MUNICIPALIDAD PROVINCIAL DE YAROWILCA,196,Exportar Hoja de Trabajo,629
a4989b45d50f2f8030224da14759756c34139bebf4f8e8409dcfdc6defc14a23,"ESTACIÓN DE BIBLIOTECA PÚBLICA ""MANUEL RIVERA PIEDRA"" - CUTERVO",BIBLIOTECA PÚBLICA,CAJAMARCA,CUTERVO,CUTERVO,BIBLIOTECA NACIONAL DEL PERU,105,Exportar Hoja de Trabajo,630
501721286faecd81f79e9a2030ec3e2a0f777cb7a25652775e01e4ef2222a86c,BIBLIOTECA PÚBLICA MUNICIPAL DE LA PROVINCIA DE BELLAVISTA,BIBLIOTECA PÚBLICA,SAN MARTÍN,BELLAVISTA,BELLAVISTA,MUNICIPALIDAD PROV. BELLAVISTA,431,Exportar Hoja de Trabajo,631
4e38338ea5682549dca1962e8f759eccafe08399be4faf068b38b75d3a4bdb7b,BIBLIOTECA PÚBLICA MUNICIPAL ANTONIO RAIMONDI,BIBLIOTECA PÚBLICA,ÁNCASH,ANTONIO RAYMONDI,LLAMELLIN,MUNICIPALIDAD PROVINCIAL DE ANTONIO RAIMONDI,471,Exportar Hoja de Trabajo,632
277a7eb755260acb6ec705310a14bea14905630dd510da1c6b87aa31df1f474a,BIBLIOTECA TREN DEL SABER III,BIBLIOTECA PÚBLICA,LIMA,LIMA,SANTIAGO DE SURCO,MUNICIPALIDAD SANTIAGO DE SURCO,330,Exportar Hoja de Trabajo,633
3b8358b5b8dcc7e323b73267e93fb379ead5e0f285fb211560aa0416cd54a4cb,BIBLIOTECA TREN DEL SABER I,BIBLIOTECA PÚBLICA,LIMA,LIMA,SANTIAGO DE SURCO,MUNICIPALIDAD SANTIAGO DE SURCO,330,Exportar Hoja de Trabajo,634
47cedef04eda1b8780cad4aedffa54355c5f0fa3f2f742cd6994195292f0ca4c,BIBLIOTECA DEL SABER II,BIBLIOTECA PÚBLICA,LIMA,LIMA,SANTIAGO DE SURCO,MUNICIPALIDAD SANTIAGO DE SURCO,330,Exportar Hoja de Trabajo,635
8718237cf5b14eb49cd211e319d894b66a8bd9145b397377498409d8dd2cf141,UNIDAD DE BIBLIOTECAS,BIBLIOTECAS DE ENSEÑANZA SUPERIOR,LIMA,LIMA,LIMA,UNIVERSIDAD NACIONAL DE MUSICA,313,Exportar Hoja de Trabajo,636
902c64c5c5e0c019b0533231f945b37be5f34e155972d4a2bc5f1f6c7e06534d,BIBLIOTECA PÚBLICA MUNICIPAL DONATO GUADALUPE MAMANI ESQUIA,BIBLIOTECA PÚBLICA,TACNA,CANDARAVE,CAIRANI,MUNICIPALIDAD PROVINCIAL DE CANDARAVE,451,Exportar Hoja de Trabajo,637
6c78e96d52456fb32d7e7933b24eb635f3ded13b672ba1fa85a58e6e477e7782,BIBLIOTECA PÚBLICA MUNICIPAL DE SANTA LUCÍA,BIBLIOTECA PÚBLICA,SAN MARTÍN,TOCACHE,SANTA LUCIA,MUNICIPALIDAD DISTRITAL DE SANTA LUCIA,448,Exportar Hoja de Trabajo,638
3d0177725f292f6ae98a1f7942e1a48b01b219b8294ab56fa158ed11b98c5641,BIBLIOTECA PÚBLICA MUNICIPAL SAN IGNACIO,BIBLIOTECA PÚBLICA,CAJAMARCA,SAN IGNACIO,SAN IGNACIO,MUNICIPALIDAD PROVINCIAL SAN IGNACIO,109,Exportar Hoja de Trabajo,639
22fdbe9df298f2f24d82b5705f396ab905c031829b9d983dfece66978683b54a,BIBLIOTECA CENTRAL DE LA UNIVERSIDAD NACIONAL DE FRONTERA,BIBLIOTECAS DE ENSEÑANZA SUPERIOR,PIURA,SULLANA,SULLANA,UNIVERSIDAD NACIONAL DE FRONTERA,403,Exportar Hoja de Trabajo,640
4a3612eb851a08a91e3558129acde498a6735fdbb1de50366fbb9eec73a5ea37,BIBLIOTECA PÚBLICA INTERCULTURAL DE PURÚS,BIBLIOTECA PÚBLICA,UCAYALI,PURÚS,PURUS,UNIDAD DE GESTION EDUCATIVA LOCAL DE PURUS,469,Exportar Hoja de Trabajo,641
4d30c59f5339e98a5d7c606a88957d4190490be28bbfe4187eb48829f0b1dfb1,"BIBLIOTECA MUNICIPAL ""MARIO VARGAS LLOSA""",BIBLIOTECA PÚBLICA,LIMA,LIMA,VILLA EL SALVADOR,MUNICIPALIDAD DE VILLA EL SALVADOR,331,Exportar Hoja de Trabajo,642
ae6272ccc491b8b169415772d271eba1f92460a0f623040635141ae42c582cf1,BIBLIOTECA PÚBLICA MUNICIPAL DE TACNA,BIBLIOTECA PÚBLICA,TACNA,TACNA,TACNA,MUNICIPALIDAD PROVINCIAL DE TACNA,453,Exportar Hoja de Trabajo,643
acd1b576a7c1b554b96f5ca90659766d8e076b63a8c1006c581a48919b2d242b,"BIBLIOTECA MUNICIPAL ""RICARDO PALMA""",BIBLIOTECA PÚBLICA,LIMA,LIMA,LURIN,MUNICIPALIDAD DE LURIN,317,Exportar Hoja de Trabajo,644
56881ebfc43457f2141be774932c34b5c11cb800788adcab29fd658b0e79a7fc,"BIBLIOTECA MUNICIPAL ""TUPAC AMARU II"" LANGUI",BIBLIOTECA PÚBLICA,CUSCO,CANAS,LANGUI,MUNICIPALIDAD DISTRITAL DE LANGUI,130,Exportar Hoja de Trabajo,645
ee6d9f917216aa4eb9f3c7f40f26b2087d28dce46b430abe11bcd2b69dfd2fae,BIBLIOTECA METROPOLITANA DE LIMA,BIBLIOTECA PÚBLICA,LIMA,LIMA,LIMA,MUNICIPALIDAD METROPOLITANA DE LIMA,313,Exportar Hoja de Trabajo,646
94fcdaffe129cb66e78f5d7c7171cc759fe0c3a10a20f62c813728b0f1aa51f7,BIBLIOTECA PÚBLICA MUNICIPAL DE SAN PEDRO DE CHANÁ,BIBLIOTECA PÚBLICA,ÁNCASH,HUARI,SAN PEDRO DE CHANA,MUNICIPALIDAD DISTRITAL DE SAN PEDRO DE CHANA,489,Exportar Hoja de Trabajo,647
70dc60b8ac3a295608fcd994320c67ea3711bbb7afcfe100b8580ecef5aa72c4,BIBLIOTECA PÚBLICA MUNICIPAL DE OLLEROS,BIBLIOTECA PÚBLICA,ÁNCASH,HUARAZ,OLLEROS,MUNICIPALIDAD DISTRITAL DE OLLEROS,485,Exportar Hoja de Trabajo,648
76001f4976590c453ac9505a5d13241e918b866f3f40c2582febf634451b6435,BIBLIOTECA PÚBLICA MUNICIPAL DE HUICUNGO,BIBLIOTECA PÚBLICA,SAN MARTÍN,MARISCAL CÁCERES,HUICUNGO,MUNICIPALIDAD DISTRITAL DE HUICUNGO,436,Exportar Hoja de Trabajo,649
a61b97b2160e7329634464fdca3be18085a47b4238c5a6671470d053ec40000f,BIBLIOTECA COMUNAL DEL CENTRO POBLADO DE TOCRA,BIBLIOTECA PÚBLICA,CUSCO,PAUCARTAMBO,COLQUEPATA,MUNICIPALIDAD DEL CENTRO POBLADO DE TOCRA,148,Exportar Hoja de Trabajo,650
42872190a4c5f423bcf3dc35284df02a0011e52aec4d94cade6a54e5c0ea88c3,"BIBLIOTECA CENTRAL DE CIENCIAS SOCIALES ""CÉSAR GUARDIA MAYORGA""",BIBLIOTECAS DE ENSEÑANZA SUPERIOR,AREQUIPA,AREQUIPA,AREQUIPA,UNIVERSIDAD NACIONAL DE SAN AGUSTIN,53,Exportar Hoja de Trabajo,651
e0a3482a17c1d4ecd2dfe0cab2eca21e8f991a5e7497a1840594c2cc821efe10,"BIBLIOTECA PÚBLICA MUNICIPAL ""FERNANDO TÚPAC AMARU""",BIBLIOTECA PÚBLICA,CUSCO,CANAS,TUPAC AMARU,MUNICIPALIDAD DISTRITAL DE TUPAC AMARU,132,Exportar Hoja de Trabajo,652
e90e8369ce5542c124479d8feb328a364eb3ef575ac721ee516ae2c5568d0839,BIBLIOTECA PÚBLICA MUNICIPAL DE HUAROCONDO,BIBLIOTECA PÚBLICA,CUSCO,ANTA,HUAROCONDO,MUNICIPALIDAD DISTRITAL HUAROCONDO,126,Exportar Hoja de Trabajo,653
d8264300b379774e147d413a29ca61d8e719f37f9868bff058af49c6090e2479,BIBLIOTECA PÚBLICA “YACHAQ SUNQU” - CHONTA,BIBLIOTECA PÚBLICA,HUANCAVELICA,CHURCAMPA,PAUCARBAMBA,COMUNIDAD CAMPESINA NUEVA ESPERANZA DE CHONTA,165,Exportar Hoja de Trabajo,654
